	category	context	id	location.latitude	location.longitude	location.street.id	location.street.name	location_subtype	location_type	month	outcome_status	outcome_status.category	outcome_status.date	persistent_id
0	anti-social-behaviour		19880373	52.205632	0.118839	560729	On or near Petty Cury		Force	2013-01				
1	anti-social-behaviour		19880498	52.205632	0.118839	560729	On or near Petty Cury		Force	2013-01				
2	anti-social-behaviour		19880543	52.206273	0.120216	560746	On or near Nightclub		Force	2013-01				
3	anti-social-behaviour		19880531	52.208890	0.118189	560552	On or near Blackmoor Head Yard		Force	2013-01				
4	anti-social-behaviour		19880522	52.206404	0.120910	560743	On or near Nightclub		Force	2013-01				
5	anti-social-behaviour		19880521	52.205632	0.118839	560729	On or near Petty Cury		Force	2013-01				
6	anti-social-behaviour		19880512	52.201418	0.125165	560042	On or near Further/higher Educational Building		Force	2013-01				
7	anti-social-behaviour		19878301	52.197848	0.142613	559979	On or near Campbell Street		Force	2013-01				
8	anti-social-behaviour		19878726	52.201418	0.125165	560042	On or near Further/higher Educational Building		Force	2013-01				
9	anti-social-behaviour		19875922	52.197848	0.142613	559979	On or near Campbell Street		Force	2013-01				
10	anti-social-behaviour		19881068	52.196964	0.144707	559968	On or near Hope Street		Force	2013-01				
11	anti-social-behaviour		19878982	52.209231	0.119215	560591	On or near Parking Area		Force	2013-01				
12	anti-social-behaviour		19881293	52.206570	0.133154	560728	On or near Shopping Area		Force	2013-01				
13	anti-social-behaviour		19876446	52.196084	0.151542	559935	On or near Madras Road		Force	2013-01				
14	anti-social-behaviour		19880514	52.200225	0.129528	560028	On or near Gresham Place		Force	2013-01				
15	anti-social-behaviour		19876267	52.200225	0.129528	560028	On or near Gresham Place		Force	2013-01				
16	anti-social-behaviour		19876089	52.212562	0.132958	560660	On or near Belvoir Road		Force	2013-01				
17	anti-social-behaviour		19876085	52.212562	0.132958	560660	On or near Belvoir Road		Force	2013-01				
18	anti-social-behaviour		19879348	52.209042	0.119762	560595	On or near Park Street		Force	2013-01				
19	anti-social-behaviour		19879364	52.206273	0.120216	560746	On or near Nightclub		Force	2013-01				
20	anti-social-behaviour		19880329	52.206273	0.120216	560746	On or near Nightclub		Force	2013-01				
21	anti-social-behaviour		19880902	52.204689	0.119789	560735	On or near Guildhall Street		Force	2013-01				
22	anti-social-behaviour		19881088	52.203164	0.122073	560738	On or near Downing Street		Force	2013-01				
23	anti-social-behaviour		19881054	52.203921	0.121011	560749	On or near Shopping Area		Force	2013-01				
24	anti-social-behaviour		19881096	52.204455	0.117831	560574	On or near Conference/exhibition Centre		Force	2013-01				
25	anti-social-behaviour		19881046	52.205151	0.119079	560730	On or near Lion Yard		Force	2013-01				
26	anti-social-behaviour		19881081	52.207369	0.124249	560600	On or near King Street		Force	2013-01				
27	anti-social-behaviour		19881057	52.203921	0.121011	560749	On or near Shopping Area		Force	2013-01				
28	anti-social-behaviour		19879383	52.204510	0.123776	560736	On or near Emmanuel Street		Force	2013-01				
29	anti-social-behaviour		19879192	52.203285	0.129337	560673	On or near Parkside		Force	2013-01				
30	anti-social-behaviour		19879606	52.206404	0.120910	560743	On or near Nightclub		Force	2013-01				
31	anti-social-behaviour		19880100	52.205315	0.123961	560742	On or near Bus/coach Station		Force	2013-01				
32	anti-social-behaviour		19880101	52.203164	0.122073	560738	On or near Downing Street		Force	2013-01				
33	anti-social-behaviour		19879619	52.202364	0.118581	560740	On or near Botolph Lane		Force	2013-01				
34	anti-social-behaviour		19881291	52.205632	0.118839	560729	On or near Petty Cury		Force	2013-01				
35	anti-social-behaviour		19881254	52.203921	0.121011	560749	On or near Shopping Area		Force	2013-01				
36	anti-social-behaviour		19880863	52.207369	0.124249	560600	On or near King Street		Force	2013-01				
37	anti-social-behaviour		19881071	52.203285	0.129337	560673	On or near Parkside		Force	2013-01				
38	anti-social-behaviour		19880144	52.204689	0.119789	560735	On or near Guildhall Street		Force	2013-01				
39	anti-social-behaviour		19880515	52.201418	0.125165	560042	On or near Further/higher Educational Building		Force	2013-01				
40	anti-social-behaviour		19880344	52.205632	0.118839	560729	On or near Petty Cury		Force	2013-01				
41	anti-social-behaviour		19880657	52.203602	0.123747	560750	On or near Further/higher Educational Building		Force	2013-01				
42	anti-social-behaviour		19880654	52.202973	0.125708	560689	On or near Camden Court		Force	2013-01				
43	anti-social-behaviour		19880131	52.205315	0.123961	560742	On or near Bus/coach Station		Force	2013-01				
44	anti-social-behaviour		19880677	52.207069	0.129460	560654	On or near Fair Court		Force	2013-01				
45	anti-social-behaviour		19880120	52.197754	0.145784	559913	On or near Supermarket		Force	2013-01				
46	anti-social-behaviour		19879623	52.197848	0.142613	559979	On or near Campbell Street		Force	2013-01				
47	anti-social-behaviour		19879776	52.207746	0.135288	560613	On or near Wellington Court		Force	2013-01				
48	anti-social-behaviour		19879602	52.197754	0.145784	559913	On or near Supermarket		Force	2013-01				
49	anti-social-behaviour		19879594	52.201521	0.131946	560678	On or near Mortimer Road		Force	2013-01				
50	anti-social-behaviour		19879141	52.199604	0.147410	559916	On or near Thoday Street		Force	2013-01				
51	anti-social-behaviour		19878113	52.207346	0.130556	560639	On or near Parking Area		Force	2013-01				
52	anti-social-behaviour		19877909	52.204233	0.130612	560669	On or near Warkworth Street		Force	2013-01				
53	anti-social-behaviour		19877549	52.207270	0.129250	560653	On or near Fair Street		Force	2013-01				
54	anti-social-behaviour		19877585	52.197848	0.142613	559979	On or near Campbell Street		Force	2013-01				
55	anti-social-behaviour		19876868	52.202973	0.125708	560689	On or near Camden Court		Force	2013-01				
56	anti-social-behaviour		19876668	52.207189	0.128251	560641	On or near Willow Walk		Force	2013-01				
57	anti-social-behaviour		19876250	52.197754	0.145784	559913	On or near Supermarket		Force	2013-01				
58	anti-social-behaviour		19876266	52.197848	0.142613	559979	On or near Campbell Street		Force	2013-01				
59	anti-social-behaviour		19876107	52.199829	0.138962	560049	On or near Parking Area		Force	2013-01				
60	anti-social-behaviour		19875560	52.201469	0.135280	560707	On or near Mackenzie Road		Force	2013-01				
61	anti-social-behaviour		19881109	52.208427	0.140839	560767	On or near Harvest Way		Force	2013-01				
62	anti-social-behaviour		19877717	52.208427	0.140839	560767	On or near Harvest Way		Force	2013-01				
63	anti-social-behaviour		19877529	52.205632	0.118839	560729	On or near Petty Cury		Force	2013-01				
64	anti-social-behaviour		19877539	52.212434	0.118606	560546	On or near Chesterton Road		Force	2013-01				
65	anti-social-behaviour		19878286	52.211553	0.113090	560524	On or near St Peter's Street		Force	2013-01				
66	anti-social-behaviour		19880484	52.210444	0.115760	560557	On or near Further/higher Educational Building		Force	2013-01				
67	anti-social-behaviour		19876325	52.207112	0.117577	560584	On or near Further/higher Educational Building		Force	2013-01				
68	anti-social-behaviour		19875882	52.205891	0.117944	560576	On or near Further/higher Educational Building		Force	2013-01				
69	anti-social-behaviour		19875552	52.204233	0.130612	560669	On or near Warkworth Street		Force	2013-01				
70	anti-social-behaviour		19880328	52.194010	0.149935	558331	On or near Suez Road		Force	2013-01				
71	anti-social-behaviour		19879436	52.194010	0.149935	558331	On or near Suez Road		Force	2013-01				
72	anti-social-behaviour		19879153	52.194010	0.149935	558331	On or near Suez Road		Force	2013-01				
73	anti-social-behaviour		19875532	52.207270	0.129250	560653	On or near Fair Street		Force	2013-01				
74	anti-social-behaviour		19881037	52.205825	0.131127	560688	On or near City Road		Force	2013-01				
75	anti-social-behaviour		19875693	52.205315	0.123961	560742	On or near Bus/coach Station		Force	2013-01				
76	anti-social-behaviour		19876090	52.207218	0.125647	560648	On or near Pike's Walk		Force	2013-01				
77	anti-social-behaviour		19876099	52.203455	0.118911	560753	On or near Further/higher Educational Building		Force	2013-01				
78	anti-social-behaviour		19875501	52.201418	0.125165	560042	On or near Further/higher Educational Building		Force	2013-01				
79	anti-social-behaviour		19879419	52.207346	0.130556	560639	On or near Parking Area		Force	2013-01				
80	anti-social-behaviour		19875890	52.201418	0.125165	560042	On or near Further/higher Educational Building		Force	2013-01				
81	anti-social-behaviour		19875906	52.200784	0.125954	560020	On or near Regent Street		Force	2013-01				
82	anti-social-behaviour		19876283	52.203285	0.129337	560673	On or near Parkside		Force	2013-01				
83	anti-social-behaviour		19877565	52.206063	0.133349	560717	On or near Burleigh Place		Force	2013-01				
84	anti-social-behaviour		19876082	52.202956	0.123160	560754	On or near Further/higher Educational Building		Force	2013-01				
85	anti-social-behaviour		19876482	52.202956	0.123160	560754	On or near Further/higher Educational Building		Force	2013-01				
86	anti-social-behaviour		19877178	52.204689	0.119789	560735	On or near Guildhall Street		Force	2013-01				
87	anti-social-behaviour		19876484	52.202956	0.123160	560754	On or near Further/higher Educational Building		Force	2013-01				
88	anti-social-behaviour		19877391	52.206063	0.133349	560717	On or near Burleigh Place		Force	2013-01				
89	anti-social-behaviour		19876846	52.206324	0.127873	560727	On or near New Square		Force	2013-01				
90	anti-social-behaviour		19876666	52.205632	0.118839	560729	On or near Petty Cury		Force	2013-01				
91	anti-social-behaviour		19876071	52.206212	0.134073	560726	On or near Shopping Area		Force	2013-01				
92	anti-social-behaviour		19875898	52.206570	0.133154	560728	On or near Shopping Area		Force	2013-01				
93	anti-social-behaviour		19876837	52.205632	0.118839	560729	On or near Petty Cury		Force	2013-01				
94	anti-social-behaviour		19876856	52.207074	0.119698	560755	On or near Supermarket		Force	2013-01				
95	anti-social-behaviour		19877342	52.203285	0.129337	560673	On or near Parkside		Force	2013-01				
96	anti-social-behaviour		19877351	52.205885	0.121266	560747	On or near Shopping Area		Force	2013-01				
97	anti-social-behaviour		19877354	52.204689	0.119789	560735	On or near Guildhall Street		Force	2013-01				
98	anti-social-behaviour		19875695	52.207069	0.129460	560654	On or near Fair Court		Force	2013-01				
99	anti-social-behaviour		19875694	52.206570	0.133154	560728	On or near Shopping Area		Force	2013-01				
100	anti-social-behaviour		19877210	52.201418	0.125165	560042	On or near Further/higher Educational Building		Force	2013-01				
101	anti-social-behaviour		19877222	52.206273	0.120216	560746	On or near Nightclub		Force	2013-01				
102	anti-social-behaviour		19877177	52.200337	0.134260	560073	On or near Covent Garden		Force	2013-01				
103	anti-social-behaviour		19879211	52.200987	0.129623	560029	On or near Gonville Place		Force	2013-01				
104	anti-social-behaviour		19877712	52.206273	0.120216	560746	On or near Nightclub		Force	2013-01				
105	anti-social-behaviour		19877936	52.200987	0.129623	560029	On or near Gonville Place		Force	2013-01				
106	anti-social-behaviour		19876613	52.200206	0.135044	560125	On or near Mill Street		Force	2013-01				
107	anti-social-behaviour		19879797	52.207454	0.137514	560619	On or near Parker's Terrace		Force	2013-01				
108	anti-social-behaviour		19881050	52.205076	0.141673	560813	On or near York Street		Force	2013-01				
109	anti-social-behaviour		19878090	52.202956	0.123160	560754	On or near Further/higher Educational Building		Force	2013-01				
110	anti-social-behaviour		19878110	52.210877	0.127212	560642	On or near Victoria Avenue		Force	2013-01				
111	anti-social-behaviour		19878127	52.206273	0.120216	560746	On or near Nightclub		Force	2013-01				
112	anti-social-behaviour		19880143	52.202469	0.142118	560820	On or near Ainsworth Street		Force	2013-01				
113	anti-social-behaviour		19878130	52.206273	0.120216	560746	On or near Nightclub		Force	2013-01				
114	anti-social-behaviour		19878137	52.209042	0.119762	560595	On or near Park Street		Force	2013-01				
115	anti-social-behaviour		19878295	52.206273	0.120216	560746	On or near Nightclub		Force	2013-01				
116	anti-social-behaviour		19876251	52.206146	0.145632	560826	On or near Supermarket		Force	2013-01				
117	anti-social-behaviour		19878327	52.202956	0.123160	560754	On or near Further/higher Educational Building		Force	2013-01				
118	anti-social-behaviour		19880546	52.205431	0.134489	560713	On or near East Road		Force	2013-01				
119	anti-social-behaviour		19879983	52.204811	0.134489	560716	On or near Caroline Place		Force	2013-01				
120	anti-social-behaviour		19877923	52.202066	0.133596	560696	On or near Willis Road		Force	2013-01				
121	anti-social-behaviour		19877400	52.204811	0.134489	560716	On or near Caroline Place		Force	2013-01				
122	anti-social-behaviour		19877714	52.200763	0.137046	560070	On or near Ditchburn Place		Force	2013-01				
123	anti-social-behaviour		19878462	52.204689	0.119789	560735	On or near Guildhall Street		Force	2013-01				
124	anti-social-behaviour		19876069	52.199829	0.138962	560049	On or near Parking Area		Force	2013-01				
125	anti-social-behaviour		19880358	52.205101	0.147236	560807	On or near Hampden Gardens		Force	2013-01				
126	anti-social-behaviour		19878480	52.206273	0.120216	560746	On or near Nightclub		Force	2013-01				
127	anti-social-behaviour		19878700	52.198554	0.141857	559959	On or near Parking Area		Force	2013-01				
128	anti-social-behaviour		19881252	52.211151	0.098858	560519	On or near Bulstrode Gardens		Force	2013-01				
129	anti-social-behaviour		19879571	52.197754	0.145784	559913	On or near Supermarket		Force	2013-01				
130	anti-social-behaviour		19879126	52.198554	0.141857	559959	On or near Parking Area		Force	2013-01				
131	anti-social-behaviour		19877587	52.197754	0.145784	559913	On or near Supermarket		Force	2013-01				
132	anti-social-behaviour		19877037	52.197754	0.145784	559913	On or near Supermarket		Force	2013-01				
133	anti-social-behaviour		19876857	52.199862	0.145578	559923	On or near Sedgwick Street		Force	2013-01				
134	anti-social-behaviour		19878641	52.206273	0.120216	560746	On or near Nightclub		Force	2013-01				
135	anti-social-behaviour		19878877	52.197848	0.142613	559979	On or near Campbell Street		Force	2013-01				
136	anti-social-behaviour		19878935	52.206273	0.120216	560746	On or near Nightclub		Force	2013-01				
137	anti-social-behaviour		19879617	52.197848	0.142613	559979	On or near Campbell Street		Force	2013-01				
138	anti-social-behaviour		19878882	52.197848	0.142613	559979	On or near Campbell Street		Force	2013-01				
139	burglary		19877074	52.208269	0.118701	560603	On or near Bridge Street		Force	2013-01		Investigation complete; no suspect identified	2013-01	50e774a5616b56f85659a465850c354e9ec04550cc83fe3e7129666feb9b6b03
140	burglary		19876117	52.210877	0.127212	560642	On or near Victoria Avenue		Force	2013-01		Investigation complete; no suspect identified	2013-02	385ccd9a05aeab7edf98701e788a5950a1fb61f998c3748a698adb5eb58b6814
141	burglary		19875934	52.203961	0.134243	560721	On or near Theatre/concert Hall		Force	2013-01		Investigation complete; no suspect identified	2013-01	e28fcb0a2b0b6dd728e36d4472361e561d0d0b2105867cce8159115c70d23337
142	burglary		19875585	52.210800	0.133444	560630	On or near Cutter Ferry Lane		Force	2013-01		Investigation complete; no suspect identified	2013-01	d489f6818021784ef1aaf956986413e52bd3b8791ac4cba57bb509942fb185e3
143	burglary		19877071	52.198194	0.137377	560059	On or near St Barnabas Road		Force	2013-01		Investigation complete; no suspect identified	2013-01	0b29b8a9243b14e33a6d7327f2a61579a59f5f06fe9fdf9568f25ba3110efdec
144	burglary		19878498	52.197459	0.142726	559964	On or near Stockwell Street		Force	2013-01		Investigation complete; no suspect identified	2013-01	5955013eb108a88cd8d0e0ee60fd402cccece5ef4f9cf0fefa4c9f4da3d38e80
145	burglary		19880717	52.201754	0.134474	560709	On or near Guest Road		Force	2013-01		Investigation complete; no suspect identified	2013-01	dbe0a39c7c26e86ee30d679397c5c783fc6f75e2d8bbd97ef00aa90b4e66b6b7
146	burglary		19881304	52.204127	0.136022	560711	On or near Flower Street		Force	2013-01		Investigation complete; no suspect identified	2013-02	5440bdf27e62ea26ba85116ecffbe6479f67952043edf4e1f4f3645f4dd56626
147	burglary		19877963	52.199862	0.145578	559923	On or near Sedgwick Street		Force	2013-01		Investigation complete; no suspect identified	2013-01	0daa4e0f7fa9f26086617ba5b09755f5644541af1652f9d51ea0a4d24701c27c
148	burglary		19879639	52.201754	0.134474	560709	On or near Guest Road		Force	2013-01		Investigation complete; no suspect identified	2013-03	fdb6c39410ae8243bf374f15ec886e11c90a9dc08c9de819664f2223522e6340
149	burglary		19875722	52.197154	0.147614	559932	On or near Mill Road		Force	2013-01		Investigation complete; no suspect identified	2013-01	b9c610638ea3b972786740b3772823ccadc51145ce9a70936adc1783555661a5
150	burglary		19881302	52.208842	0.117381	560559	On or near Further/higher Educational Building		Force	2013-01		Investigation complete; no suspect identified	2013-06	f0887a35f0f6fd40a498a04ecdc9e8e534d95de0ce19b7702bd8b31855c8d708
151	burglary		19877757	52.208427	0.140839	560767	On or near Harvest Way		Force	2013-01		Defendant found not guilty	2013-08	98841c4b44ac0afb6e31df3aa1f24f58b4b029040ab19db66d0f5f3eadf06bc2
152	criminal-damage-arson		19877608	52.211446	0.143443	560773	On or near Supermarket		Force	2013-01		Investigation complete; no suspect identified	2013-01	d13c0532145eb67ea775e40cd51e49fdb5cf0bf649ac25cd7008d1cc58822f49
153	criminal-damage-arson		19879479	52.204291	0.118424	560745	On or near Theatre/concert Hall		Force	2013-01		Local resolution	2013-01	2d7c1061109200834c0c87bd31b39b2f4b30374d9ba3bd93a4d3cb335021a488
154	criminal-damage-arson		19876348	52.206273	0.120216	560746	On or near Nightclub		Force	2013-01		Investigation complete; no suspect identified	2013-01	702440f007cd3d16d404c58e8669f0541005c1f7f0aa575eb91b87f984974254
155	criminal-damage-arson		19876540	52.202956	0.123160	560754	On or near Further/higher Educational Building		Force	2013-01		Local resolution	2013-01	2186446feb7626011818b0360e4b63b79af2df8b88012c9d0bc86fa2f2ba831f
156	criminal-damage-arson		19877612	52.199635	0.143738	559978	On or near Cavendish Road		Force	2013-01		Investigation complete; no suspect identified	2013-01	cbd849a2f7d3308226f716e5305b4a0026d8d94454821de3e2128d63e75fe6ed
157	criminal-damage-arson		19875736	52.200790	0.126584	560019	On or near Regent Terrace		Force	2013-01		Offender given a caution	2013-01	835fc64d67fa6dc95196623597dffbd6da3d044a46c5ffeace896b5f32e79637
158	criminal-damage-arson		19877094	52.202956	0.123160	560754	On or near Further/higher Educational Building		Force	2013-01		Local resolution	2013-01	b29a677871c568a6785adc71d919b07ba983f35528d01f0ef6ce628749312f15
159	criminal-damage-arson		19880403	52.204811	0.134489	560716	On or near Caroline Place		Force	2013-01		Investigation complete; no suspect identified	2013-01	efd7b20592bd6641c32fbe369d320c3d582ecfc010309c08a4ca0b38544f4f1d
160	criminal-damage-arson		19876723	52.200784	0.125954	560020	On or near Regent Street		Force	2013-01		Investigation complete; no suspect identified	2013-01	6bf0a71dcf25d71a42977b839e233a27ded69ae8fbe32575ce051eee13747a4f
161	criminal-damage-arson		19880933	52.212167	0.115959	560547	On or near Chesterton Lane		Force	2013-01		Investigation complete; no suspect identified	2013-01	6bbfa27d986d16dd07aa8c8f65d5a520272ae9ca23b8a862d08153c69f507d4f
162	criminal-damage-arson		19879265	52.207074	0.119698	560755	On or near Supermarket		Force	2013-01		Court result unavailable	2013-07	86b51cffcc9778a5a80018c1653279b5fadbd052db1c2537b977a2f1d6e9e8b8
163	criminal-damage-arson		19879022	52.207189	0.128251	560641	On or near Willow Walk		Force	2013-01		Investigation complete; no suspect identified	2013-01	b3851ac65cdcc5d5a804003dac3c514efed4e175491fb9b72c648cc756275e08
164	criminal-damage-arson		19878369	52.209042	0.119762	560595	On or near Park Street		Force	2013-01		Investigation complete; no suspect identified	2013-01	8293b5f10c230e2a9a8776eeb74c0540226d8f28f51567f7d42905186b4c090b
165	criminal-damage-arson		19879023	52.204686	0.136415	560705	On or near Norfolk Street		Force	2013-01		Court result unavailable	2013-08	7f9152855ee9ff0852d33ac5b4692110691a7a39e0d539b04c131627077d02e5
166	criminal-damage-arson		19879266	52.202956	0.123160	560754	On or near Further/higher Educational Building		Force	2013-01		Investigation complete; no suspect identified	2013-01	c4136dad3fcbdac9f84f757b087a5dd999cc94d381f0819c4b86eb57dd8c5538
167	criminal-damage-arson		19875752	52.207957	0.122052	560598	On or near Malcolm Street		Force	2013-01		Investigation complete; no suspect identified	2013-01	39f00ac04966af25c68bd1b391792628d49415eb245bf16947487d17e6beec70
168	criminal-damage-arson		19880565	52.205735	0.129601	560684	On or near Eden Street Backway		Force	2013-01		Investigation complete; no suspect identified	2013-01	efec96977f176b0f92be8036ed4cb62c6983ee74ecafac15805dfccf5e0bf74a
169	criminal-damage-arson		19881325	52.193886	0.149314	559936	On or near Hobart Road		Force	2013-01		Investigation complete; no suspect identified	2013-01	b04b523ad7b161c8ae104dc0c0cfc5e007c91a177c9e5f07034b87161d61578c
170	criminal-damage-arson		19876137	52.196084	0.151542	559935	On or near Madras Road		Force	2013-01		Investigation complete; no suspect identified	2013-01	4c5280daf61b5f989413ae20dcd6745e4df3d115b3fb4ab8922388ac355bd7f1
171	criminal-damage-arson		19878752	52.196189	0.150757	559919	On or near Suez Road		Force	2013-01		Investigation complete; no suspect identified	2013-01	d2234378c4e5eb7a80bd19b7cbd9bef979bce36a5c38dfd04939cdd10fcf4545
172	criminal-damage-arson		19881329	52.202956	0.123160	560754	On or near Further/higher Educational Building		Force	2013-01		Local resolution	2013-01	4b881ad41c126620245c53ac09a98511eb09a6e96b40a18f84bb3ac2c2067bea
173	criminal-damage-arson		19876925	52.207660	0.132079	560651	On or near James Street		Force	2013-01		Investigation complete; no suspect identified	2013-01	ed895ed499d247b9d54d68e46d9492295fdc93e44ce4a601d9850631118c0201
174	criminal-damage-arson		19876534	52.205076	0.141673	560813	On or near York Street		Force	2013-01		Offender given a caution	2013-01	42a9c688edc000543c4ba61c1fc4794b80167fb6467e0aeb38bbbc405f56aa1a
175	criminal-damage-arson		19877994	52.203372	0.132986	560691	On or near Bradmore Lane		Force	2013-01		Court result unavailable	2013-07	e416ac10a2033cd00183b1be2d8008200536835cbee2fee6dfacecbf31237116
176	drugs		19880189	52.203285	0.129337	560673	On or near Parkside		Force	2013-01		Under investigation	2013-01	3489d472981b10be46e41ec611c1796c74fa9302ea7fb76133e4340c37fbd4cf
177	drugs		19881338	52.207660	0.132079	560651	On or near James Street		Force	2013-01		Court result unavailable	2013-08	15866b5be9458e87162290466d85b3c6289139f536f47a8e35185d5fa90bfbb2
178	drugs		19877262	52.210314	0.142906	560762	On or near Rowlinson Way		Force	2013-01		Court result unavailable	2013-08	92effbe00d7db1566aff26f08a75558e08231f54f8c2ed950e3a91d7617b2eba
179	drugs		19876545	52.209618	0.141613	560768	On or near Godesdone Road		Force	2013-01		Offender given penalty notice	2013-01	f6043029f22edd1930492f34ea83cd1413075b7b5b14323fe33a399766aedea1
180	drugs		19879272	52.198554	0.141857	559959	On or near Parking Area		Force	2013-01		Court result unavailable	2013-08	0820ecbcdc7df15f2cedb8126411caad472bdc0c2fa1c943630fa4da59823649
181	drugs		19876941	52.196964	0.144707	559968	On or near Hope Street		Force	2013-01		Offender given penalty notice	2013-01	612dbc337212ffe97697bc8ba5e231142be187db6a551b0c9690e9ca4245a2bc
182	drugs		19880949	52.204689	0.119789	560735	On or near Guildhall Street		Force	2013-01		Offender given a caution	2013-03	0138f9d350b8b010a31c735d3fe71b9ec63ac8080f7af716d9849d4fc29c6175
183	drugs		19880190	52.202077	0.148846	560808	On or near Fairfax Road		Force	2013-01		Court result unavailable	2013-12	386d44e1bd2bf605327c519b79a7e079438b610cb8699a8f5044489675d355bd
184	drugs		19880188	52.207218	0.125647	560648	On or near Pike's Walk		Force	2013-01		Court result unavailable	2013-08	20928d9b00d72b7b3843ed9222f6b9384c402576b4c99d9e97712eb0fd2c6084
185	drugs		19880013	52.207369	0.124249	560600	On or near King Street		Force	2013-01		Offender given a caution	2013-01	a3276118ad9c550759f43ec081051b4729c1d30ad9b2877b11435beffb388248
186	drugs		19880012	52.207369	0.124249	560600	On or near King Street		Force	2013-01		Offender given a caution	2013-01	37ca849d4db81d3bcfb20a613b9c7b364e03f5783adff87a2f8bedd6c02295c2
187	drugs		19876550	52.204688	0.121326	560744	On or near Nightclub		Force	2013-01		Offender given a caution	2013-01	fe741a318f86336f6529ebdfb8eed6a25742830cd9f19dc36abe9f3ddf1df4bd
188	drugs		19880572	52.205885	0.121266	560747	On or near Shopping Area		Force	2013-01		Offender sent to prison	2013-01	a31121f583b5aa68c30a240fcce57f1981c16663ff63a2a4da4bbdc702057a48
189	drugs		19876358	52.205315	0.123961	560742	On or near Bus/coach Station		Force	2013-01		Investigation complete; no suspect identified	2013-04	5500a520bcd5e1b579a3dc6219470d811f086be84ad080effb35bb098eb60c02
190	drugs		19875773	52.202066	0.133596	560696	On or near Willis Road		Force	2013-01		Offender given a drugs possession warning	2013-01	bcbddfd4ba18c76e6dd63157da6d7368e3290fdd1e4589e4412ea75c3958035a
191	drugs		19877619	52.205315	0.123961	560742	On or near Bus/coach Station		Force	2013-01		Offender given a drugs possession warning	2013-01	20e5764134ea4465f42ea9542bab92bffc533b4462391fd8573b7c14521ed773
192	drugs		19878193	52.207660	0.132079	560651	On or near James Street		Force	2013-01		Offender given a drugs possession warning	2013-01	438f0af83182251743c79092589fba24bebe6692cd39130f23d2dfbf90bd6320
193	drugs		19879852	52.203285	0.129337	560673	On or near Parkside		Force	2013-01		Offender given a drugs possession warning	2013-01	c18c35d29eae20e221033604493b8b76f4208f3c45ffa02933503ecdea089447
194	other-theft		19878546	52.212792	0.139644	560627	On or near Logan's Way		Force	2013-01		Investigation complete; no suspect identified	2013-01	6e6a4f3e192dfea08e67358b9fb2bda4d14d390728fc0b3a6a47585eaf7ac0c9
195	other-theft		19876556	52.204688	0.121326	560744	On or near Nightclub		Force	2013-01		Investigation complete; no suspect identified	2013-01	4b674c7f05e5fa3fb5ebb2a495cf32d8bc8c95b69280696851080f4a5273a2d4
196	other-theft		19877640	52.205885	0.121266	560747	On or near Shopping Area		Force	2013-01		Investigation complete; no suspect identified	2013-01	823da2423446978f83576e96c09093ad24d06669d329c1d841d43499571865f2
197	other-theft		19878023	52.202956	0.123160	560754	On or near Further/higher Educational Building		Force	2013-01		Investigation complete; no suspect identified	2013-01	afbeec4b70e180754ab39ae76b8acab41383a41cc1b5b9e20e315d79d2076f40
198	other-theft		19880979	52.202956	0.123160	560754	On or near Further/higher Educational Building		Force	2013-01		Investigation complete; no suspect identified	2013-01	a4fa4cbef962013d18d5eea3a29283aa3bb94cec96c1a8a83bca9be7c8214717
199	other-theft		19879693	52.201418	0.125165	560042	On or near Further/higher Educational Building		Force	2013-01		Investigation complete; no suspect identified	2013-01	a0c4e91d917c9b615866b322dc7a393ac4cc2996f78c5125a6f9be0a85c06518
200	other-theft		19879873	52.204455	0.117831	560574	On or near Conference/exhibition Centre		Force	2013-01		Investigation complete; no suspect identified	2013-01	9b59194032fae3f03ef57976472dbad23b0d238d0e1f72e8decb71183f6cd82c
201	other-theft		19876967	52.201418	0.125165	560042	On or near Further/higher Educational Building		Force	2013-01		Investigation complete; no suspect identified	2013-01	aa7fa75e33f5125296427c9e410e12400d8b70890438a90d28f573dad15b9f2f
202	other-theft		19876763	52.202956	0.123160	560754	On or near Further/higher Educational Building		Force	2013-01		Investigation complete; no suspect identified	2013-01	e27fc6a2ebcc197022792b0053b47a1149f85aea37990d1131304934983a17aa
203	other-theft		19875977	52.202956	0.123160	560754	On or near Further/higher Educational Building		Force	2013-01		Investigation complete; no suspect identified	2013-01	53745812fcb8451abccb973ad2fde8a939e81f5aa13be246b64e322549f5bb7d
204	other-theft		19877629	52.204688	0.121326	560744	On or near Nightclub		Force	2013-01		Investigation complete; no suspect identified	2013-01	0aec0c522ad9c83e4131b3a1f9fc2ff1091fcb4bb944f017917ffdb88a6c6c98
205	other-theft		19878790	52.196093	0.142178	559976	On or near Charles Street		Force	2013-01		Investigation complete; no suspect identified	2013-01	f63c8b9990c692c16e319b7fa969ab98b91b68ed8437164d744c955e64ecec00
206	other-theft		19876373	52.205885	0.121266	560747	On or near Shopping Area		Force	2013-01		Investigation complete; no suspect identified	2013-01	76d11b87fef25ae788b6dacc585bb62c753e7750329c201b5bee1c857f143212
207	other-theft		19877455	52.196390	0.149099	559934	On or near Malta Road		Force	2013-01		Investigation complete; no suspect identified	2013-01	e5414dea58b7f6e32fedd9123f14dd8c96c0586ed38495d3c32bfe812cb38d1c
208	other-theft		19877282	52.196320	0.149944	559940	On or near Cyprus Road		Force	2013-01		Investigation complete; no suspect identified	2013-01	53024df5b225bc836a0edd16e61849f5c6494be826cac49c9706e3d470c54a9e
209	other-theft		19876554	52.196565	0.142420	559977	On or near Charles Street		Force	2013-01		Investigation complete; no suspect identified	2013-01	b361b1528fb1a588fdb1f5ab93a31a677e74101a0f4b54fe121ff600cf785918
210	other-theft		19877638	52.204688	0.121326	560744	On or near Nightclub		Force	2013-01		Investigation complete; no suspect identified	2013-01	b9475cfa1d29ebd9d597088ed9e216d3c57a09cae9782b2bb8380af148cbaa89
211	other-theft		19879696	52.211397	0.131775	560662	On or near Beaulands Close		Force	2013-01		Investigation complete; no suspect identified	2013-01	3de3d2b57613b58806476e98e34bdca7d60ba619db8aa6e4631f030d8c4235e4
212	other-theft		19877641	52.206273	0.120216	560746	On or near Nightclub		Force	2013-01		Investigation complete; no suspect identified	2013-01	6a77771722afd0b92c1b10189567c24ee068d2a07305598679ea33a23642cc47
213	other-theft		19876767	52.212138	0.136055	560631	On or near Cutter Ferry Close		Force	2013-01		Investigation complete; no suspect identified	2013-02	4bcf69e7c33b5064eed976679213f23dfef7546d715089b8d87892492284e79f
214	other-theft		19879884	52.209042	0.119762	560595	On or near Park Street		Force	2013-01		Investigation complete; no suspect identified	2013-01	4696b3f20d2372ac8e1fc19cd002a5d197ac3494aa846c42917447ab57deaa34
215	other-theft		19877642	52.207074	0.119698	560755	On or near Supermarket		Force	2013-01		Investigation complete; no suspect identified	2013-01	2210c62f2f3d53e14b14066fe533fda8d0baa82ee2831dc9ed059d0e75913ce2
216	other-theft		19880589	52.202956	0.123160	560754	On or near Further/higher Educational Building		Force	2013-01		Investigation complete; no suspect identified	2013-01	14f331745948079381be822c6f5c71379abe46bc39d299b549ae6bb7de3fb28f
217	other-theft		19881358	52.206273	0.120216	560746	On or near Nightclub		Force	2013-01		Investigation complete; no suspect identified	2013-02	f7f2272db4911eef29356f1fd6a96f8c9558a67d3df26826d97e6e5af88083af
218	other-theft		19881373	52.202956	0.123160	560754	On or near Further/higher Educational Building		Force	2013-01		Investigation complete; no suspect identified	2013-02	ef9b18ae05ef59f23df8a4d8253b6fcc002301f04063bf62e2ad4d78a6f9b693
219	other-theft		19878038	52.205151	0.119079	560730	On or near Lion Yard		Force	2013-01		Offender given a caution	2013-01	332fce2b5e1b097564589a2e3c02783ea39b2adb7434a557d3531ef5ce376c01
220	other-theft		19880975	52.208890	0.118189	560552	On or near Blackmoor Head Yard		Force	2013-01		Investigation complete; no suspect identified	2013-01	eb304806e18e07e40b295bb8c56aa30a76f045ab6631c5d3bbc9bd119332fa09
221	other-theft		19880972	52.202956	0.123160	560754	On or near Further/higher Educational Building		Force	2013-01		Investigation complete; no suspect identified	2013-01	7bd3bdfafe78c8fa960c08a556645794e91c52cd1a92b9faef7f7d7c418500f6
222	other-theft		19880970	52.204688	0.121326	560744	On or near Nightclub		Force	2013-01		Investigation complete; no suspect identified	2013-01	cf16453b409901d2ff90e05db841cd66191fb2f1010bc9a10262a91dec793852
223	other-theft		19880772	52.204689	0.119789	560735	On or near Guildhall Street		Force	2013-01		Investigation complete; no suspect identified	2013-01	2538651087d34dad3261d4aef4f11f8724aedb3296ed72839324e0332ac8506d
224	other-theft		19880431	52.209231	0.119215	560591	On or near Parking Area		Force	2013-01		Investigation complete; no suspect identified	2013-01	b0aeffdb7ed7a2d3126a3e324e395c6c039d6788311842aa0965dac4e5b71981
225	other-theft		19880428	52.204688	0.121326	560744	On or near Nightclub		Force	2013-01		Investigation complete; no suspect identified	2013-01	da75340ac5ff140f9edc6a7ce5ff131436a651deadbfbfbf1b8956f6740bc402
226	other-theft		19880427	52.206404	0.120910	560743	On or near Nightclub		Force	2013-01		Investigation complete; no suspect identified	2013-01	21c25e57b76eaf975fe45e964fc7b0570ec4df2f8c8f69ff3f2d0b78c28e311b
227	other-theft		19880420	52.205885	0.121266	560747	On or near Shopping Area		Force	2013-01		Investigation complete; no suspect identified	2013-01	658d61b8d05c521c0141be27a66ea5a855ef318f54463d13f11e92b71dd51245
228	other-theft		19880424	52.202956	0.123160	560754	On or near Further/higher Educational Building		Force	2013-01		Investigation complete; no suspect identified	2013-02	f8878ada6203e9bb408901adb490968c219d9fa0a4bf2ea151c5726e22d86c04
229	other-theft		19880416	52.205315	0.123961	560742	On or near Bus/coach Station		Force	2013-01		Investigation complete; no suspect identified	2013-01	ab944c87a7d98e45352c57d57bc9f153aa67d9b58ecc0cb7cdd76d8faff9750e
230	other-theft		19880227	52.207074	0.119698	560755	On or near Supermarket		Force	2013-01		Investigation complete; no suspect identified	2013-01	24efd27d0f02f63850627b204040005c1eb757766632d142e8e20e04fd755e5f
231	other-theft		19880220	52.202859	0.121531	560752	On or near Further/higher Educational Building		Force	2013-01		Investigation complete; no suspect identified	2013-01	ee867527cc29dcec06e23fcbd25edf52b0308c9b1353635811cb179c894843fb
232	other-theft		19880212	52.205885	0.121266	560747	On or near Shopping Area		Force	2013-01		Investigation complete; no suspect identified	2013-01	04cf0bdfd6df15263ae825e9276c6e0f98d52e498d636f95d052b1f510c15644
233	other-theft		19880207	52.204689	0.119789	560735	On or near Guildhall Street		Force	2013-01		Investigation complete; no suspect identified	2013-01	17b138d9cbc39b5be7968b079e6ffa32691454d7c277b97a30e3f93f5e8c6600
234	other-theft		19878211	52.209042	0.119762	560595	On or near Park Street		Force	2013-01		Court result unavailable	2013-11	85a002aff33f22a2d2f6ac8aece5032b93640d0f72bb567125ffc9856d857dba
235	other-theft		19876166	52.209042	0.119762	560595	On or near Park Street		Force	2013-01		Investigation complete; no suspect identified	2013-01	16c4b80614f9acc8b1eedf2d5b958483eb8d7f302b4720be8e66ac19f4f98e7f
236	other-theft		19880040	52.204689	0.119789	560735	On or near Guildhall Street		Force	2013-01		Investigation complete; no suspect identified	2013-01	278a2bfed38c94be00a8757df3ca055e16fa0b71f0b6692455f896d3117e18d8
237	other-theft		19880026	52.205151	0.119079	560730	On or near Lion Yard		Force	2013-01		Investigation complete; no suspect identified	2013-01	cdcc2def51c9c119977d02b349eda00222402bc3490d2ba266f5834cdf58098c
238	other-theft		19880025	52.202956	0.123160	560754	On or near Further/higher Educational Building		Force	2013-01		Investigation complete; no suspect identified	2013-03	099d8a540cd715ab17f7c5f681791fc6587d3d7334d7099c16f9222518931994
239	other-theft		19879711	52.204688	0.121326	560744	On or near Nightclub		Force	2013-01		Investigation complete; no suspect identified	2013-01	728bf22493999b2985a110ecb75144fef1baf0b52e2d8bbe21ab1250e2fbf055
240	other-theft		19879705	52.203952	0.118261	560741	On or near Bene't Street		Force	2013-01		Investigation complete; no suspect identified	2013-01	4f43ef343f87064784a9196750b8eaad1d33a0cfbd70170836508adc1eab4817
241	other-theft		19879703	52.204689	0.119789	560735	On or near Guildhall Street		Force	2013-01		Investigation complete; no suspect identified	2013-01	ba96da8ec473053059209ceb61b57f8031b81acafdab62eb279ef8f0695198cb
242	other-theft		19879505	52.209391	0.125312	560667	On or near Further/higher Educational Building		Force	2013-01		Investigation complete; no suspect identified	2013-01	ad1be2fdcb33ab43c3b71c6c9c606a30f1f38e1382489207c7d47a93558de986
243	other-theft		19879498	52.204347	0.119334	560731	On or near Wheeler Street		Force	2013-01		Investigation complete; no suspect identified	2013-01	cd6824f0b03808793fe997e2b3349a832e2892af0de7918669aebf6f5ca6095e
244	other-theft		19879512	52.201418	0.125165	560042	On or near Further/higher Educational Building		Force	2013-01		Investigation complete; no suspect identified	2013-03	b33137724e598f15ee52ab33ce0d02273fd343260cf33dd8a35f995224d25b8f
245	other-theft		19879493	52.202956	0.123160	560754	On or near Further/higher Educational Building		Force	2013-01		Investigation complete; no suspect identified	2013-01	a754331be794e1308b85be75b6bd2e2459f6fdb3af39c86fcf3ff60b72ceca99
246	other-theft		19877649	52.201418	0.125165	560042	On or near Further/higher Educational Building		Force	2013-01		Investigation complete; no suspect identified	2013-01	cb92efd66017e1997c046c2a6d27499e805f4ff84de445b51176683871e90bc9
247	other-theft		19879054	52.204688	0.121326	560744	On or near Nightclub		Force	2013-01		Investigation complete; no suspect identified	2013-01	83c30f64aa59693c6e762c29bee9b5c47f1426874137cd698292da387ffb6299
248	other-theft		19879294	52.202956	0.123160	560754	On or near Further/higher Educational Building		Force	2013-01		Investigation complete; no suspect identified	2013-01	b9aa4b9447d130c7233d115557e55be866163241f2fa59b7f2f27ffbf655aea9
249	other-theft		19879293	52.204689	0.119789	560735	On or near Guildhall Street		Force	2013-01		Investigation complete; no suspect identified	2013-01	3240a47422557be46a28e5b573424c7944c25865e0842c6f7dabaf0a110d40bb
250	other-theft		19879290	52.203164	0.122073	560738	On or near Downing Street		Force	2013-01		Investigation complete; no suspect identified	2013-01	4bbf278777684dc467d796556a65e06de29bbed80e7eb9a224ba8623708378bf
251	other-theft		19879284	52.203921	0.121011	560749	On or near Shopping Area		Force	2013-01		Investigation complete; no suspect identified	2013-01	7314523e202c52d5a6d70aae9503f9e999e9cb776d09e61c4dceb001d472d18e
252	other-theft		19878784	52.206273	0.120216	560746	On or near Nightclub		Force	2013-01		Investigation complete; no suspect identified	2013-01	bdcae29ab44f1d99360f140bf925aa34487110d2d8c166b2b35c3fc31fdf75b6
253	other-theft		19878780	52.204689	0.119789	560735	On or near Guildhall Street		Force	2013-01		Investigation complete; no suspect identified	2013-01	82d743fce3f124fabe348dbc7dd91385573260ed1b31bebf7865e316d29b40df
254	other-theft		19878775	52.204688	0.121326	560744	On or near Nightclub		Force	2013-01		Investigation complete; no suspect identified	2013-01	a16d6a298a99bfc4a75d02d0e138395f1cf1c1f406b66684be5366d6cceba4b9
255	other-theft		19877803	52.202956	0.123160	560754	On or near Further/higher Educational Building		Force	2013-01		Investigation complete; no suspect identified	2013-01	a6f84f959ed2592b690e202af06f2ca311644dcbcacc38d8bebe0396fc5cd809
256	other-theft		19877804	52.202956	0.123160	560754	On or near Further/higher Educational Building		Force	2013-01		Investigation complete; no suspect identified	2013-01	c4aea275b1a8edb161135fbe0f26dd5ef28523ca93acd3d871278e394e3ac15e
257	other-theft		19877805	52.202956	0.123160	560754	On or near Further/higher Educational Building		Force	2013-01		Investigation complete; no suspect identified	2013-01	243b9dbb0604b0353a2e24ef8c54cabe754c89d5916d1055c3f9e61dce0f07ae
258	other-theft		19880591	52.203921	0.121011	560749	On or near Shopping Area		Force	2013-01		Investigation complete; no suspect identified	2013-02	bbdf82cec6de9547f334b751b21c4dc3e2bce35ef0e18307a45d4b307aa883e4
259	other-theft		19878398	52.206404	0.120910	560743	On or near Nightclub		Force	2013-01		Investigation complete; no suspect identified	2013-01	7922e97970cf2cc214979be13ec1bdec14f63e8af33297754cf3390cb898a1f3
260	other-theft		19878397	52.204688	0.121326	560744	On or near Nightclub		Force	2013-01		Investigation complete; no suspect identified	2013-01	9f5f843990c5a230aca1af9626ab238ed1442463d2fdabee326f70e4e419dddf
261	other-theft		19876187	52.203602	0.123747	560750	On or near Further/higher Educational Building		Force	2013-01		Investigation complete; no suspect identified	2013-01	51d10bd6d2b267a28dedc46177681d78ced4cc82601753413f6b38b7c6d62389
262	other-theft		19878039	52.204510	0.123776	560736	On or near Emmanuel Street		Force	2013-01		Investigation complete; no suspect identified	2013-01	28b1c5990294dc590dc560c1f9af6c37326842ed7e6a85f7430c0aed237c22fd
263	other-theft		19878037	52.202956	0.123160	560754	On or near Further/higher Educational Building		Force	2013-01		Investigation complete; no suspect identified	2013-01	71e8eabd91bd506c12846359ba3bbffc4c0349846fbd730f3b1fcb20743fbb09
264	other-theft		19878034	52.202956	0.123160	560754	On or near Further/higher Educational Building		Force	2013-01		Investigation complete; no suspect identified	2013-01	9e37fb745156e0e26f5168975e95dca3c9b35f3b3265dd3e39d4571089a2191d
265	other-theft		19878017	52.210266	0.118181	560523	On or near Thompson's Lane		Force	2013-01		Investigation complete; no suspect identified	2013-01	43b518f1880ca16625e3db77e95508a0199be3514d95e5caacd7dd35b5efd296
266	other-theft		19878014	52.204688	0.121326	560744	On or near Nightclub		Force	2013-01		Investigation complete; no suspect identified	2013-01	82fdbd2758dcf25cabc3af2a4072e2a63a3e3a17d18c6ff8b6000cce01214155
267	other-theft		19877810	52.202956	0.123160	560754	On or near Further/higher Educational Building		Force	2013-01		Investigation complete; no suspect identified	2013-01	2ccd22935078588f1d65987646348bed378176ab1e4bed728edb71023a3d7ff4
268	other-theft		19877807	52.204688	0.121326	560744	On or near Nightclub		Force	2013-01		Investigation complete; no suspect identified	2013-01	f9a040fd6cb8a1e40c8d8d411c9f8a6831a398c523aeed529aed169823733bb3
269	other-theft		19876191	52.204689	0.119789	560735	On or near Guildhall Street		Force	2013-01		Investigation complete; no suspect identified	2013-01	c63beba386a58d68509f1a480d74a2b343147d9283795a256084019d54c16944
270	other-theft		19878224	52.201418	0.125165	560042	On or near Further/higher Educational Building		Force	2013-01		Investigation complete; no suspect identified	2013-02	705bb39717b5c7de25b4ed70003f29197d112dfbc007812b08312b0366827e67
271	other-theft		19876169	52.207074	0.119698	560755	On or near Supermarket		Force	2013-01		Investigation complete; no suspect identified	2013-01	634059ce6ca24a8856858e9ada57af03ffe41fc2b6817d904796c91f5682bc19
272	other-theft		19876193	52.204688	0.121326	560744	On or near Nightclub		Force	2013-01		Investigation complete; no suspect identified	2013-01	e609f974bcb2a3de2252c83dda0efeb679e9e12a57e6043d75944734ab628e84
273	other-theft		19878390	52.200763	0.137046	560070	On or near Ditchburn Place		Force	2013-01		Investigation complete; no suspect identified	2014-03	d735045459fee3413552a0d9917b61a4546176603b601c48d0fa2714c7773b8e
274	other-theft		19876565	52.202956	0.123160	560754	On or near Further/higher Educational Building		Force	2013-01		Investigation complete; no suspect identified	2013-01	1e07ee6a2c3412ac38ccaec52d85c8616b190cad7facd08199679d1450445cb8
275	other-theft		19876746	52.209042	0.119762	560595	On or near Park Street		Force	2013-01		Investigation complete; no suspect identified	2013-01	724525537b5f3c13b34573ee50dbd7eaecca6c5cccf43ac3547d6c1ddad142cf
276	other-theft		19878781	52.211561	0.135149	560634	On or near Acrefield Drive		Force	2013-01		Investigation complete; no suspect identified	2013-12	b926f17a22ba53fd1c0fc0f3cc52620e488c61712c6cc95fcac6a892dc24bffa
277	other-theft		19876773	52.200790	0.126584	560019	On or near Regent Terrace		Force	2013-01		Investigation complete; no suspect identified	2013-01	48ecf8faa6d2a7e0dee05dc8e5ba9446d968427faa0367d113e731fe0955a944
278	other-theft		19879502	52.206404	0.120910	560743	On or near Nightclub		Force	2013-01		Investigation complete; no suspect identified	2014-02	092ad82d7959b7984aefaaf7728d6f70cb15e2ab246277cbac2405702ad179d2
279	other-theft		19878016	52.203602	0.123747	560750	On or near Further/higher Educational Building		Force	2013-01		Investigation complete; no suspect identified	2013-06	b19fa5f0d05f6b932a1ede6e8f7ac29d10e1bbd3a7a0a7f3fc0ad59f09b94954
280	other-theft		19878018	52.203372	0.132986	560691	On or near Bradmore Lane		Force	2013-01		Offender ordered to pay compensation	2013-05	17136b350f2eff7c17e12c555f7a0366be8c97c88a8bab8544558c25d424bbfb
281	other-theft		19876570	52.206404	0.120910	560743	On or near Nightclub		Force	2013-01		Investigation complete; no suspect identified	2013-06	4b4cd767af32a865886460dc2390f4b9c875bf40297a7f0d0df8e056ec6a9c99
282	other-theft		19880977	52.207218	0.125647	560648	On or near Pike's Walk		Force	2013-01		Investigation complete; no suspect identified	2013-06	fce2f80b71cfde6672c55afd06570565e922b5f82670db729bc570fb300c100a
283	other-theft		19881178	52.198554	0.141857	559959	On or near Parking Area		Force	2013-01		Investigation complete; no suspect identified	2013-06	c3ff036656a6a0d5428ce31a29d19100c419d22fa68f194262fc3d0c064d1856
284	other-theft		19879691	52.207112	0.117577	560584	On or near Further/higher Educational Building		Force	2013-01		Offender given a caution	2013-01	5db73e98c2c41ffdda800b201d5636d9849464145dff1fc4609da913939f1a81
285	other-theft		19877465	52.196390	0.149099	559934	On or near Malta Road		Force	2013-01		Investigation complete; no suspect identified	2013-01	ea32901747326fe223430a8264c439777b3dd1609204dfd09230adee5e4fee7f
286	other-theft		19881383	52.204353	0.147814	560809	On or near Cromwell Road		Force	2013-01		Investigation complete; no suspect identified	2013-01	bcfd3ec8fb087850514ed2ff173f6d021b8a91254a57d4763f9dec5bf3e2c53f
287	other-theft		19881356	52.196189	0.150757	559919	On or near Suez Road		Force	2013-01		Investigation complete; no suspect identified	2013-02	d73c394f04dfc7f50df04d4e91f4fddf1a72e8ed05342332998bd0bd9198e359
288	other-theft		19880218	52.208269	0.118701	560603	On or near Bridge Street		Force	2013-01		Investigation complete; no suspect identified	2013-02	ab24c7789db57802ad53ed467f608b75a0a7e2aa15e76f2f4f3dd364b5dc8fc6
289	other-theft		19881171	52.197848	0.142613	559979	On or near Campbell Street		Force	2013-01		Investigation complete; no suspect identified	2014-01	7d7d95ec1355f62db5090d7cc5427891ffdaef14d5998456f1034c8ee2446abe
290	other-theft		19880988	52.197236	0.143623	559975	On or near Cockburn Street		Force	2013-01		Investigation complete; no suspect identified	2013-01	53259993479c12fec1c0134a7408d21db4e14aa22d39ed13b9343595104c7c79
291	other-theft		19877107	52.206273	0.120216	560746	On or near Nightclub		Force	2013-01		Investigation complete; no suspect identified	2013-01	4c15b19de8c050e46d6cf561a7a1113151a20a9fc0600a6106fb7612476b520a
292	other-theft		19876958	52.209231	0.119215	560591	On or near Parking Area		Force	2013-01		Investigation complete; no suspect identified	2013-01	ed3c76db42ce78c5933fbc67d36ed3f9f31c539280586cb2dd8ef9a10875c5c7
293	other-theft		19879868	52.207115	0.134365	560611	On or near Parking Area		Force	2013-01		Investigation complete; no suspect identified	2013-01	85fec4889f68426fb2881a8479f595e49d448178c4c6872ad3418701b8a3d6d5
294	other-theft		19876971	52.204688	0.121326	560744	On or near Nightclub		Force	2013-01		Investigation complete; no suspect identified	2013-01	0114711a975fd31a8738cdaad004fbc09d3cd2685242c07bc2b277e2abd081ad
295	other-theft		19878232	52.207454	0.137514	560619	On or near Parker's Terrace		Force	2013-01		Investigation complete; no suspect identified	2013-01	27c2407da5d3b772250ec10142d62d9603d5203707378e82bd0f4640823c4295
296	other-theft		19878029	52.206212	0.134073	560726	On or near Shopping Area		Force	2013-01		Investigation complete; no suspect identified	2013-01	4badec511e544367f20df690c1858a7a0f8d4a79338be963f51d0ecaea03e7bb
297	other-theft		19877811	52.201278	0.135900	560068	On or near Emery Street		Force	2013-01		Investigation complete; no suspect identified	2013-06	6a6ad66a71f2b0b5a3b138468d7a8bdd92d7c22ca16073549e528e4b04cea7c4
298	other-theft		19877793	52.203793	0.142504	560816	On or near Sleaford Street		Force	2013-01		Investigation complete; no suspect identified	2013-01	bc079a5604393dcb10388fc6a21dc7ac6c6851ade84907b02a17e8cc769a93d9
299	other-theft		19877467	52.196390	0.149099	559934	On or near Malta Road		Force	2013-01		Investigation complete; no suspect identified	2013-01	13267a64ac67ee77df427e1fe3600736971fc4d6ce1a43016505eeadcb261f9f
300	other-theft		19877454	52.201754	0.134474	560709	On or near Guest Road		Force	2013-01		Investigation complete; no suspect identified	2013-01	545648a6753b78a33dd91ba06ddf6a57ec6ddedb5d8ddccb1394dac00cbaf5f8
301	other-theft		19877292	52.196390	0.149099	559934	On or near Malta Road		Force	2013-01		Investigation complete; no suspect identified	2013-01	9fa59eedb2fe694e97674fe4447d658b24536e4aa0e69eab8ad10f0bc2f4c6fe
302	other-theft		19876977	52.201198	0.140843	559969	On or near Hooper Street		Force	2013-01		Investigation complete; no suspect identified	2013-01	5a393bf6cfbfed3005b992d9dfddd128e29d2b2d15ae4075ee4b449706a1a0b6
303	other-theft		19876957	52.201278	0.135900	560068	On or near Emery Street		Force	2013-01		Investigation complete; no suspect identified	2013-01	3cfdb3d0b9b57d6f6f3750596fd38fb5d6a843ef4775787255a78cb3986b60d9
304	other-theft		19876965	52.197459	0.142726	559964	On or near Stockwell Street		Force	2013-01		Investigation complete; no suspect identified	2013-01	1c5f2085a55dffcc5725b7eb689f353d3e310834007f9479c03abdffae18240d
305	other-theft		19879865	52.208269	0.118701	560603	On or near Bridge Street		Force	2013-01		Investigation complete; no suspect identified	2013-02	f441cb748d0d04d202da2c8b7ade4c5b20f844a7f357d2a19cafac74c68fafe8
306	other-theft		19877116	52.204911	0.132942	560668	On or near Parking Area		Force	2013-01		Investigation complete; no suspect identified	2013-01	edeb2c4209490b0d76a688307450abb87451a1f1c50a9e5a3f21960c33671f8b
307	other-theft		19877113	52.199829	0.138962	560049	On or near Parking Area		Force	2013-01		Investigation complete; no suspect identified	2013-01	88e8ceffafcd9a36a39a826f37d71de744512ab845a1d3c98865f28ec099b6aa
308	other-theft		19880203	52.204688	0.121326	560744	On or near Nightclub		Force	2013-01		Court result unavailable	2013-08	265d802e92db2cc8f3bc7ded029bf669b65c1eb8b0e6f463179edb3e4a16ad31
309	other-theft		19876764	52.205399	0.140708	560819	On or near Fairsford Place		Force	2013-01		Investigation complete; no suspect identified	2013-01	3ed1052231196196ac878e2a488c94f8515799fdb39caacc25457a6737d484a0
310	other-theft		19876973	52.209042	0.119762	560595	On or near Park Street		Force	2013-01		Investigation complete; no suspect identified	2013-01	41c89104df6eb23fcc33f7f27533664494b566d165b668f9bf98b7f146cc8ae9
311	other-theft		19876563	52.208273	0.137933	560609	On or near Pedestrian Subway		Force	2013-01		Investigation complete; no suspect identified	2013-01	a60719e9a1d969539545a721be2e066aa4a25b2f668ef85ab3d09af7f9d837fc
312	other-theft		19876377	52.207231	0.132439	560638	On or near Grafton Centre		Force	2013-01		Investigation complete; no suspect identified	2013-01	dc9506dee5fdec5c775e20a821e0466b30ad357ce4ec775df12c5b65eaa71b41
313	other-theft		19877448	52.204689	0.119789	560735	On or near Guildhall Street		Force	2013-01		Investigation complete; no suspect identified	2013-01	0bc80e25080fa4bd49b13c62e2f68392264c90d9b637b24dedadefa23f00758d
314	other-theft		19875809	52.197754	0.145784	559913	On or near Supermarket		Force	2013-01		Investigation complete; no suspect identified	2013-01	3e155e84d9371ee475b287df659378f403512885eeee074f438bd9076d8a32ae
315	other-theft		19875994	52.210331	0.145439	560765	On or near Newmarket Road		Force	2013-01		Court result unavailable	2013-07	bf575590797b544d0bae3932a1ec050e44f4ee916cd62f1dba934f79c7baa93d
316	other-theft		19875791	52.203961	0.134243	560721	On or near Theatre/concert Hall		Force	2013-01		Investigation complete; no suspect identified	2013-01	2b1a67b3d1cdc336eb20722fc7214357af73a4af7d03aa15854b912a21fc68a7
317	other-theft		19880990	52.211151	0.098858	560519	On or near Bulstrode Gardens		Force	2013-01		Investigation complete; no suspect identified	2013-02	93815cfc689151d6035021b71c07a7f852f811ea8d8e5cc6fa79b2ca4eb3a388
318	other-theft		19878216	52.211446	0.143443	560773	On or near Supermarket		Force	2013-01		Investigation complete; no suspect identified	2013-01	00ee24927085fe2fe37632247c2eccd3e8babc8083ac628b44c6df830ffe6fe8
319	other-theft		19877456	52.204510	0.123776	560736	On or near Emmanuel Street		Force	2013-01		Investigation complete; no suspect identified	2013-01	dad59bca483739ae8abcbda710f1658dfb94941ec7bd126bcef8ca74a78429d4
320	other-theft		19877457	52.203921	0.121011	560749	On or near Shopping Area		Force	2013-01		Investigation complete; no suspect identified	2013-01	9152c728431015342f06395a258e72bf614e2f7f26adff7cc310397aa3c7a61a
321	other-theft		19877451	52.196964	0.144707	559968	On or near Hope Street		Force	2013-01		Court result unavailable	2013-10	3d74caf2663f7f67955defec97bc80872c2113ddc9f5b30160ae6a91df5c65ce
322	other-theft		19878214	52.210487	0.140323	560761	On or near Saxon Road		Force	2013-01		Investigation complete; no suspect identified	2013-01	f7996ac4bc5657bd4a09c90d2cf8783f2f0e3fa1d48d83d0047ffe6edc9b8df8
323	other-theft		19881153	52.212167	0.115959	560547	On or near Chesterton Lane		Force	2013-01		Investigation complete; no suspect identified	2013-01	a0fb44c76b65d483a4fccc625c08460326656c6a36b853035fb13e5cd53a3f24
324	other-theft		19880587	52.211052	0.113490	560537	On or near Honey Hill		Force	2013-01		Investigation complete; no suspect identified	2013-02	821388e22a4b5f92e066ea128e7adb4183127156b0b769bcf11ba17da19b262b
325	other-theft		19880585	52.211052	0.113490	560537	On or near Honey Hill		Force	2013-01		Investigation complete; no suspect identified	2013-02	496af2e1fabe0c8be17336788f394db28315a73b137708b37b47316988a59eb9
326	other-theft		19880223	52.206068	0.115596	560577	On or near Further/higher Educational Building		Force	2013-01		Investigation complete; no suspect identified	2013-01	db606be783431353f322428b0c9b45766ec15d4717102f78981bbab0dff7f9ad
327	other-theft		19879874	52.207112	0.117577	560584	On or near Further/higher Educational Building		Force	2013-01		Investigation complete; no suspect identified	2013-01	392847d00f575b804ee5b0c680b95616f48e1f42bb383d81adec7492a09388b9
328	other-theft		19877460	52.203952	0.118261	560741	On or near Bene't Street		Force	2013-01		Investigation complete; no suspect identified	2013-01	a4b80aa4af736b07d70f21616bdc5da49d5e5b1412a20207b396b25cfa65964d
329	other-theft		19879057	52.212064	0.112675	560550	On or near Castle Row		Force	2013-01		Investigation complete; no suspect identified	2013-01	53f105ea15f4189a84f4845f0c58d42753d48152fab61a76140b9332c8819c22
330	other-theft		19878015	52.211541	0.105712	560563	On or near Madingley Road		Force	2013-01		Investigation complete; no suspect identified	2013-01	24bd68f1f2806b6a66a32422c7b14a982787783e3388a3f6b9342fbf66bf7898
331	other-theft		19876955	52.212699	0.103322	560521	On or near Further/higher Educational Building		Force	2013-01		Investigation complete; no suspect identified	2013-01	d4bf1d34d4e6ce016d387a04dcf006b9acdbe8effce895c046930129fd03ad81
332	other-theft		19879062	52.204689	0.119789	560735	On or near Guildhall Street		Force	2013-01		Investigation complete; no suspect identified	2013-02	216ae134fe755fdc14c5b3660c163cc5de3a6adf0f630efc599e4283d3e3b1ee
333	other-theft		19881159	52.210444	0.115760	560557	On or near Further/higher Educational Building		Force	2013-01		Investigation complete; no suspect identified	2013-02	d0e1fd73d53784c6c7c247eba22d88c258eb2df6b957abf1190b89f37107cdd2
334	other-theft		19878797	52.204688	0.121326	560744	On or near Nightclub		Force	2013-01		Investigation complete; no suspect identified	2013-04	b6dccaa3511cab0cd70e0704b4ca5188f7e238522c2c0e3b2bc023cf1b2ebd8f
335	other-theft		19877470	52.203776	0.122570	560748	On or near Shopping Area		Force	2013-01		Investigation complete; no suspect identified	2013-01	d847c2792a5498c19cbcf166526f836775d1e80cce9b5594071536a88a91a4f8
336	other-theft		19881162	52.205733	0.128254	560683	On or near Elm Street		Force	2013-01		Investigation complete; no suspect identified	2013-02	50a8227e5e96d53a30e9277060c25d846ea0358050b3643cf8717e263033f95d
337	other-theft		19876385	52.204689	0.119789	560735	On or near Guildhall Street		Force	2013-01		Investigation complete; no suspect identified	2013-01	e8f25525a2653f886cc766f20c084d1ea4bb74c87d1190d76f61a621fde6a6f3
338	other-theft		19876175	52.204688	0.121326	560744	On or near Nightclub		Force	2013-01		Investigation complete; no suspect identified	2013-01	0a016e28713307d7bfa781c262a23ce5a8eb41ed3caa078fdb13bc0ea1f1762b
339	other-theft		19880583	52.207115	0.134365	560611	On or near Parking Area		Force	2013-01		Investigation complete; no suspect identified	2013-02	d038cb0d8cb0e07465bceea454010f5e24339ca4cd52c4ec9990ff73ecf7c93a
340	other-theft		19880222	52.205735	0.129601	560684	On or near Eden Street Backway		Force	2013-01		Investigation complete; no suspect identified	2013-02	05fd5295bc9443b4f5fc1e6096a699234f999075a2eaaadb27a88d2a01e327e5
341	other-theft		19879872	52.206168	0.132022	560693	On or near Shopping Area		Force	2013-01		Investigation complete; no suspect identified	2013-03	fd82c4241c04c0a3be7f65590be01f2754b9e24e1bf584ef6cef35961902fe99
342	other-theft		19879049	52.206212	0.134073	560726	On or near Shopping Area		Force	2013-01		Investigation complete; no suspect identified	2013-01	32945f8a4ebd7f2a196691f30ea96e14709c35ef68c92e47bbc0d0231a8a9de5
343	other-theft		19878789	52.205825	0.131127	560688	On or near City Road		Force	2013-01		Investigation complete; no suspect identified	2013-02	80bc31d3fe8c8b8cc11ec31dc2f8c22638ffde5075e85a3540a23cce7efe841d
344	other-theft		19878235	52.208821	0.133496	560633	On or near Auckland Road		Force	2013-01		Investigation complete; no suspect identified	2013-01	985a811954b9af0d5db18b59f36fde38e8689fb716f9b325853d857c84c913f5
345	other-theft		19877636	52.206212	0.134073	560726	On or near Shopping Area		Force	2013-01		Investigation complete; no suspect identified	2013-01	a101f8c59470b58b851412345c8e936256cf6e1dd69a8bac09b8929ce7fae87a
346	other-theft		19876176	52.208680	0.131835	560649	On or near Parsonage Street		Force	2013-01		Investigation complete; no suspect identified	2013-01	49202b4631405262e34f939f7f6d8de7725cc48bcd1112842b244e5e1ef8492b
347	other-theft		19876961	52.200337	0.134260	560073	On or near Covent Garden		Force	2013-01		Investigation complete; no suspect identified	2013-01	c3d9f31712f355625b884301efec96e9c9025b004a3ff6abc627300967a94c6f
348	other-theft		19876181	52.203952	0.118261	560741	On or near Bene't Street		Force	2013-01		Investigation complete; no suspect identified	2013-01	c4453b53095d47a5d987fa9760ddb189984b99f0c8db904064091057a0dac76e
349	other-theft		19878396	52.201216	0.136351	560069	On or near Emery Road		Force	2013-01		Investigation complete; no suspect identified	2013-01	2b4d83a409134a12aed5ff6c5cbf848317ce58999354d05e687f8ab551b9bf6c
350	other-theft		19877471	52.204233	0.130612	560669	On or near Warkworth Street		Force	2013-01		Investigation complete; no suspect identified	2013-01	4152cef59eeb9832c8a375185d901cffc4e84d5e5b0d14745aa7689dc9c7c295
351	other-theft		19878395	52.205333	0.144861	560823	On or near Shopping Area		Force	2013-01		Investigation complete; no suspect identified	2013-01	7756b92079baab0850430e64d8d74fb06fb65bc42b1f50a99a63f45d780bb3b0
352	other-theft		19877647	52.206146	0.145632	560826	On or near Supermarket		Force	2013-01		Investigation complete; no suspect identified	2013-01	a24cfa4ea761b40d7759805fa7be9733aba4f2c59943faf5247adb8590aac0c7
353	other-theft		19881179	52.206146	0.145632	560826	On or near Supermarket		Force	2013-01		Investigation complete; no suspect identified	2013-02	3a02b9bacf5415a48507e28cc0faa54f713cb3541b6005f4a81689de9172752c
354	other-theft		19880434	52.204686	0.136415	560705	On or near Norfolk Street		Force	2013-01		Investigation complete; no suspect identified	2013-01	3a0e8a21ddd39806937b6381dfc344036b388f496beb0cbfb2ee97563d37f9a3
355	other-theft		19877633	52.205431	0.134489	560713	On or near East Road		Force	2013-01		Investigation complete; no suspect identified	2013-01	690406f012de662674696509522890210e355cb4cbb5083ce3be34624c3f5e46
356	other-theft		19880035	52.199829	0.138962	560049	On or near Parking Area		Force	2013-01		Investigation complete; no suspect identified	2013-01	bda330e7bc8c1f8df48727d1c02848c02aa1bd111afbeae87572c72b93927184
357	other-theft		19877472	52.204688	0.121326	560744	On or near Nightclub		Force	2013-01		Investigation complete; no suspect identified	2013-01	ac68592323effa9883f66bb60e55ea7e8edb225a5b7b5bf4759827417dedf6df
358	other-theft		19876956	52.203961	0.134243	560721	On or near Theatre/concert Hall		Force	2013-01		Investigation complete; no suspect identified	2013-01	10bb47bb341a5e95b155941dfd322a6d7c3e9ff654b9d119b5291b6d5deff112
359	other-theft		19876174	52.203961	0.134243	560721	On or near Theatre/concert Hall		Force	2013-01		Investigation complete; no suspect identified	2013-01	aa8978a040ec30f157d1967983dd24300677c78de714933f4931f91ab11c90d4
360	other-theft		19879866	52.203961	0.134243	560721	On or near Theatre/concert Hall		Force	2013-01		Investigation complete; no suspect identified	2013-02	e74608775d0b40a4ca8877365b545bae556a7918f7d9da297260d220d94a9657
361	other-theft		19875979	52.200564	0.149007	559924	On or near Ross Street		Force	2013-01		Investigation complete; no suspect identified	2013-01	b6e481c45997aa2ef970d2177b2895bd65e6b2a71ad83763a78812d9be2a512f
362	other-theft		19877639	52.204689	0.119789	560735	On or near Guildhall Street		Force	2013-01		Investigation complete; no suspect identified	2013-02	c1d1a3ee39aff19f01185c5d739e22f711bdd649674ef133642e637a1f91665f
363	other-theft		19879495	52.199862	0.145578	559923	On or near Sedgwick Street		Force	2013-01		Investigation complete; no suspect identified	2013-01	27b71355439d160a645f34091698b61aa679b305dcdf3da3a921b120c7eb0fb4
364	other-theft		19876182	52.204689	0.119789	560735	On or near Guildhall Street		Force	2013-01		Investigation complete; no suspect identified	2013-01	60db2f8ac34414468cfe89124fdd79fb209b3f1a1f2c7840f68a8d7cf723825a
365	other-theft		19875801	52.199025	0.147075	559921	On or near St Philip's Road		Force	2013-01		Investigation complete; no suspect identified	2013-01	e2dd5d80b326ac909cec4825e1b59939b82fc3a968b672725e4e86e94fe42af1
366	public-disorder-weapons		19879297	52.207074	0.119698	560755	On or near Supermarket		Force	2013-01		Court result unavailable	2013-07	bbe2f2bfe0bb3e05be2ff8a9ceba58c484c2f190be85bfdb33a9ed05c0f6a7d0
367	public-disorder-weapons		19880782	52.201418	0.125165	560042	On or near Further/higher Educational Building		Force	2013-01		Investigation complete; no suspect identified	2013-01	2edc9d40afd277d9b6a17e912d40f78c1e07bddc82398943facba02ffbe6e2e2
368	public-disorder-weapons		19875995	52.197848	0.142613	559979	On or near Campbell Street		Force	2013-01		Court result unavailable	2013-07	ca942c6d411b3409eb4a8c5a8a30f51efd5c9faf422898904238691d9271c7a1
369	public-disorder-weapons		19880596	52.205632	0.118839	560729	On or near Petty Cury		Force	2013-01		Offender given a caution	2013-02	5c76b198e9bd9bc741bc12dcece47f2712681d7ba520b13bfbb94e960d1507b2
370	public-disorder-weapons		19879714	52.197848	0.142613	559979	On or near Campbell Street		Force	2013-01		Court result unavailable	2013-07	dc0600b6b13b476883f51b75d0ae5b7121c70efe9f76a09ae036d11036f21423
371	public-disorder-weapons		19875630	52.206273	0.120216	560746	On or near Nightclub		Force	2013-01		Investigation complete; no suspect identified	2013-01	c4a9644631e4aa39c4c0f5396280c9f7c358ea45c81562f43d132634634ef1ec
372	public-disorder-weapons		19876194	52.204510	0.123776	560736	On or near Emmanuel Street		Force	2013-01		Court result unavailable	2013-07	b5dab527b06a1204dff5d4533a20d48a639e23a56dbbeb63e3f95cecca9cca8f
373	public-disorder-weapons		19876781	52.205632	0.118839	560729	On or near Petty Cury		Force	2013-01		Court result unavailable	2013-07	a05f90c6853543e42b4120c2d28b96169d7da4157939b7d018cb4c36384db6df
374	public-disorder-weapons		19880785	52.201418	0.125165	560042	On or near Further/higher Educational Building		Force	2013-01		Offender given penalty notice	2013-01	b2be8bfe52ceb2fad4a35522ddc9069123e78c7ddd2373cae38e975b00bedf6e
375	public-disorder-weapons		19876780	52.205632	0.118839	560729	On or near Petty Cury		Force	2013-01		Court result unavailable	2013-07	71acb43b9d791845adf171ed2ad10f9154a7ac21b07149d8211d8f2fba96ed08
376	robbery		19876784	52.208269	0.118701	560603	On or near Bridge Street		Force	2013-01		Investigation complete; no suspect identified	2013-01	64101fec0f3e1fd281d5c331a6550a4c5a41a3860b2de4253bd3651d5e6fe0a7
377	robbery		19880438	52.203285	0.129337	560673	On or near Parkside		Force	2013-01		Investigation complete; no suspect identified	2013-01	d316a474af2f2ef658f4ab8c4a0b9df54ae808b4aff8e972a0de40d73b0fcdda
378	robbery		19879515	52.205632	0.118839	560729	On or near Petty Cury		Force	2013-01		Investigation complete; no suspect identified	2014-03	19ec06f25e6616b9c66086a03a4ff51f9f7b4bbab8a0f1c37b053a995d0fd982
379	robbery		19881186	52.206273	0.120216	560746	On or near Nightclub		Force	2013-01		Investigation complete; no suspect identified	2013-05	d200ca428ba350b1edd910eada2e813a3df78ad07c703500eda702c1c77276d3
380	shoplifting		19877824	52.207346	0.130556	560639	On or near Parking Area		Force	2013-01		Offender given a caution	2013-01	ca8cc00e83a6275e996fad5f9bcd7b84909097d45cfdc7e29513604764ce3cb3
381	shoplifting		19878046	52.204688	0.121326	560744	On or near Nightclub		Force	2013-01		Investigation complete; no suspect identified	2013-02	4c98c679d9d67d3424286bf4621fa1426a0966b727810b74bc6506f1cf1f8d9c
382	shoplifting		19877309	52.205885	0.121266	560747	On or near Shopping Area		Force	2013-01		Local resolution	2013-01	c3d6c737334f04254cf82166344deb2de5885072eaae3bf5b625a1835a040b76
383	shoplifting		19878812	52.207074	0.119698	560755	On or near Supermarket		Force	2013-01		Court result unavailable	2013-07	0f4212e15e4f9f689607d826bba5ceb95c7d7dab44ab86fe3b1f04d20ec3e76b
384	shoplifting		19879075	52.203776	0.122570	560748	On or near Shopping Area		Force	2013-01		Court result unavailable	2013-08	792fb660b6319f887addc63af3f63a6497cd0a3bea2fea0e8306ee17eb2e8df6
385	shoplifting		19879305	52.207074	0.119698	560755	On or near Supermarket		Force	2013-01		Court result unavailable	2013-07	958b251de20edf32f0ab4b0f5ff2d64f36f9c52e73985d04f202fd3242787f06
386	shoplifting		19877131	52.206146	0.145632	560826	On or near Supermarket		Force	2013-01		Court result unavailable	2013-07	4c80a2b2cb6ca04d2d8724f6733ae4334e160f88dc6bdc76ee5988fc556a8a6d
387	shoplifting		19880801	52.206146	0.145632	560826	On or near Supermarket		Force	2013-01		Court result unavailable	2013-07	fcea2fbad7a337c0aebd9a37a7fc772c072c727c59e0762008c169ea29573201
388	shoplifting		19879727	52.206146	0.145632	560826	On or near Supermarket		Force	2013-01		Offender given penalty notice	2013-01	155836212254fcc0d42e74fc3c3ab3cb1c7fb9296059c2848fd9c6657ded0def
389	shoplifting		19878807	52.205333	0.144861	560823	On or near Shopping Area		Force	2013-01		Offender given a caution	2013-01	7740bc4f87d21289990c69f8c71347f7deccb06d248084b06cec24bfd891a5e2
390	shoplifting		19877659	52.201418	0.125165	560042	On or near Further/higher Educational Building		Force	2013-01		Court result unavailable	2013-07	3f5624b00cc6a893db963dfe7a0f91c2131dc368741f3aa5c8fa2fd4b3191dc8
391	shoplifting		19877310	52.203776	0.122570	560748	On or near Shopping Area		Force	2013-01		Local resolution	2013-04	a0804c13b92c4bd2975f47f2993691683478755aca810ca6aa5b27e24420fe58
392	shoplifting		19877304	52.203776	0.122570	560748	On or near Shopping Area		Force	2013-01		Offender given a caution	2013-03	80fd1bec41773dd3bca919e3928afa02a5fa45dd17e67ae3a1b821bd8682a411
393	shoplifting		19880599	52.205626	0.132157	560676	On or near Paradise Street		Force	2013-01		Offender given a caution	2013-02	4ec52235f6dfaeb48288bfd5211fffe3cf1a1107f3e4c38b4bdb54518a34252e
394	shoplifting		19875823	52.206212	0.134073	560726	On or near Shopping Area		Force	2013-01		Court result unavailable	2013-07	169ea29a6f71ec57c85604c78d9d3d13c8d415b0944c497baae53290910585bb
395	shoplifting		19875824	52.205626	0.132157	560676	On or near Paradise Street		Force	2013-01		Court result unavailable	2013-07	aaf0f3e4a49f4aa5ae8fe824ab4aa34288027e409f72d799ec4c53dbce420eff
396	shoplifting		19875825	52.205626	0.132157	560676	On or near Paradise Street		Force	2013-01		Court result unavailable	2013-07	6b68461cabf82a31e1e55252cb609724b4a1b3df01c12e4fde3c969582848ee1
397	shoplifting		19875826	52.205626	0.132157	560676	On or near Paradise Street		Force	2013-01		Court result unavailable	2013-07	cc32901350db5d57bf8d8b249047f774c3a9f033df6012cbd793f87dc47d3121
398	shoplifting		19875827	52.205626	0.132157	560676	On or near Paradise Street		Force	2013-01		Court result unavailable	2013-07	7a88f52dda59bd160fb7dccb706cd32263468972cdda2493552257df01ac04b5
399	shoplifting		19876002	52.206168	0.132022	560693	On or near Shopping Area		Force	2013-01		Local resolution	2013-01	c15b5834106c82ba2b3c109458e0b74e7e95d354f736904de7f8bbf791ce0466
400	shoplifting		19876203	52.206570	0.133154	560728	On or near Shopping Area		Force	2013-01		Offender given a caution	2013-01	e242427c4dc937ff4cce057f1470a715e6638306f25f0bd114683d48b2148337
401	shoplifting		19876995	52.206168	0.132022	560693	On or near Shopping Area		Force	2013-01		Offender given a caution	2013-01	5b29601521d29a2e2a25e74e93e7b59913447bfbdf56c091757a430fa00c4add
402	shoplifting		19877306	52.205626	0.132157	560676	On or near Paradise Street		Force	2013-01		Offender given penalty notice	2013-01	9375b62593441b38fd9fbe94019ee804a98e0a5202d220ee2facb6f9d6264c18
403	shoplifting		19876583	52.203776	0.122570	560748	On or near Shopping Area		Force	2013-01		Offender given a caution	2013-01	ad4203e66c067f9ba4af7ab876594fcffcaad6d7ac89062f7de92f4b9ddfef34
404	shoplifting		19877479	52.206168	0.132022	560693	On or near Shopping Area		Force	2013-01		Local resolution	2013-01	ce3827590e5af949a190125fab828f51444dbb5938201840336399dd2b7f96a2
405	shoplifting		19877483	52.206168	0.132022	560693	On or near Shopping Area		Force	2013-01		Local resolution	2013-01	aa5805b014cb7ad0d8401879c962a5d80ccff292dde79c59edd1e5957276de91
406	shoplifting		19877818	52.206168	0.132022	560693	On or near Shopping Area		Force	2013-01		Offender given penalty notice	2013-01	418b30f596cedac9c94f178a9c6537416e4da69d8d07f7d99f2f7a073b451e2a
407	shoplifting		19877823	52.205626	0.132157	560676	On or near Paradise Street		Force	2013-01		Offender given a caution	2013-01	1c8d54f624ef72e71f51f87c52366cdad8ae058307b11122060a5a407100fbc2
408	shoplifting		19878253	52.206168	0.132022	560693	On or near Shopping Area		Force	2013-01		Local resolution	2013-01	e43935d6b5fa33feddda1807759ca4e2e1311a8d40633579a0e20c7f76555b7d
409	shoplifting		19879893	52.207346	0.130556	560639	On or near Parking Area		Force	2013-01		Court result unavailable	2013-08	7325a68af90cdfd6bd5658f55be2e72047738b849059ce69653a95469dbb85f5
410	shoplifting		19880448	52.204911	0.132942	560668	On or near Parking Area		Force	2013-01		Court result unavailable	2013-07	2eaaa8f82ec882f21679da79c25725d97567f377542b8649a8ef6c1c642a8d06
411	shoplifting		19880798	52.206168	0.132022	560693	On or near Shopping Area		Force	2013-01		Offender given a caution	2013-02	899d928de08df8af1e2a2deb9afbf2be20a5086e5d5aba87dba6e4885efaec04
412	shoplifting		19876790	52.206168	0.132022	560693	On or near Shopping Area		Force	2013-01		Offender given a caution	2013-01	dfe81d5d0687d8b9aaaa6a0e3ad24f8015fed3a78c7b06771c92909d002cf11e
413	shoplifting		19877482	52.206168	0.132022	560693	On or near Shopping Area		Force	2013-01		Local resolution	2013-01	5afa954839d828093510a19af8e4b6e030c3dd2f4ea955d6c24d5d6ea3fd8ed6
414	shoplifting		19878250	52.207074	0.119698	560755	On or near Supermarket		Force	2013-01		Court result unavailable	2013-08	ec763eca1b79167955a89e54e7220e052d3d4a7c5f24a9c9ac5213c9a962d429
415	shoplifting		19877491	52.207074	0.119698	560755	On or near Supermarket		Force	2013-01		Court result unavailable	2013-08	dcad5322c5e5d56069490d9d1370faead66d7eb6fb1c06fb454d277e51c469b3
416	shoplifting		19878576	52.205333	0.144861	560823	On or near Shopping Area		Force	2013-01		Investigation complete; no suspect identified	2013-05	94a6ea40e6f03a1f65a8111c550939d40ed9275668c00be65f28a6d1893d3aa2
417	shoplifting		19880249	52.210444	0.115760	560557	On or near Further/higher Educational Building		Force	2013-01		Under investigation	2013-01	076e602c5116cf120f8bc203fe038d9de48f879679dc5d3e31e45c779af9eb0c
418	shoplifting		19876011	52.211446	0.143443	560773	On or near Supermarket		Force	2013-01		Local resolution	2013-01	5dc51fb46aea71d2382f516fd280a4d3d5c9e7bd3aa90cc4142374a59c5c1eaf
419	shoplifting		19875829	52.211446	0.143443	560773	On or near Supermarket		Force	2013-01		Offender given penalty notice	2013-01	192262440e548c2e6bf2f6ed93885bc8a508c08de4479e03aac5940d11e03389
420	shoplifting		19878404	52.211446	0.143443	560773	On or near Supermarket		Force	2013-01		Court result unavailable	2013-07	4d6fe137134a8f7095dbfeae07e42891961e6829c0dd0195085b586de3056cb8
421	shoplifting		19878240	52.211446	0.143443	560773	On or near Supermarket		Force	2013-01		Investigation complete; no suspect identified	2013-01	ede0e4ae44665c82b2cffa36fbb76e60ea5c55cac982b26408fb0ae79d851151
422	shoplifting		19880802	52.210331	0.145439	560765	On or near Newmarket Road		Force	2013-01		Offender given a caution	2013-01	8b0a9b2a9b504b55b9b83e06a92871984e7113ebf2405d543edd20b9de03a486
423	shoplifting		19875830	52.205626	0.132157	560676	On or near Paradise Street		Force	2013-01		Court result unavailable	2013-07	315ba6e4e52cc5969c7566969cb5064515bc45b26f60f41441c8b61f70b15b2a
424	shoplifting		19880248	52.210444	0.115760	560557	On or near Further/higher Educational Building		Force	2013-01		Investigation complete; no suspect identified	2013-03	232bbb09dddca05562472a05fff90f76db8d40eb6e0ee578e797106d9f02df42
425	shoplifting		19880231	52.207112	0.117577	560584	On or near Further/higher Educational Building		Force	2013-01		Investigation complete; no suspect identified	2013-01	ea25f11bd035376672a5a6bb83e5ce9a50dae68600b6fb5e5e62d0d9a14ef80a
426	shoplifting		19877130	52.207112	0.117577	560584	On or near Further/higher Educational Building		Force	2013-01		Investigation complete; no suspect identified	2013-01	627691fc4cf3d1e8d204d1d2e4f5fcb1d44d27cbcb7f7e8d882b09294cb7dfbb
427	shoplifting		19877142	52.206212	0.134073	560726	On or near Shopping Area		Force	2013-01		Court result unavailable	2013-07	6c0a3f0bb0ee7cad6e19e2705e5d90f549157cf988ce2b29924ad3e521fe2a71
428	shoplifting		19881396	52.206168	0.132022	560693	On or near Shopping Area		Force	2013-01		Investigation complete; no suspect identified	2013-01	8a89b32c13b717f4a121e92f099f9c9fc80ef8815c56de4808b5c545dbfa8291
429	shoplifting		19880789	52.206063	0.133349	560717	On or near Burleigh Place		Force	2013-01		Investigation complete; no suspect identified	2013-01	2d1bd13b0eb006b0a545eb3cbad362688fe9e9797b93082cf294c02fa587a47d
430	shoplifting		19877133	52.204510	0.123776	560736	On or near Emmanuel Street		Force	2013-01		Court result unavailable	2013-07	e645a36ef3e5d095f8ba74f92e63833975b0a4a6e96798ec1da75b0c58e266d2
431	shoplifting		19876989	52.206212	0.134073	560726	On or near Shopping Area		Force	2013-01		Offender given penalty notice	2013-01	37b9be9a68d1db237fb53e0f5f0cfce704fbd2a08199ef57e12749f41491cb1d
432	shoplifting		19877303	52.206168	0.132022	560693	On or near Shopping Area		Force	2013-01		Court result unavailable	2013-08	bf75bb13619f494ece0b69190c114d3b5c464aeb380f32738c5eebfe2da4363f
433	shoplifting		19881400	52.205333	0.144861	560823	On or near Shopping Area		Force	2013-01		Investigation complete; no suspect identified	2013-11	8f405828bfa780c3278b059ad61133516aafbcf7544be36ceffe9c344cead03e
434	shoplifting		19878047	52.200763	0.137046	560070	On or near Ditchburn Place		Force	2013-01		Court result unavailable	2013-07	5d1a415c402146204f8190d500eb646fa131d425e3373b80752992dd7f6ecdf3
435	shoplifting		19879522	52.206146	0.145632	560826	On or near Supermarket		Force	2013-01		Court result unavailable	2013-07	55ff96c2b9d7ce60ae02660931af3acbce232e9a1c5793f9f1b06662b7cca091
436	shoplifting		19879899	52.205076	0.141673	560813	On or near York Street		Force	2013-01		Court result unavailable	2013-09	415ece5fd2a89b8db9c8411a5f8a7bd4b422edf12c119d12ad30f8f3a3706171
437	shoplifting		19880601	52.203776	0.122570	560748	On or near Shopping Area		Force	2013-01		Court result unavailable	2013-09	6fd97a4e74371749743f6cc605ce6c1920958080f540464b2e41ea9f0bc59814
438	shoplifting		19880999	52.205626	0.132157	560676	On or near Paradise Street		Force	2013-01		Local resolution	2013-01	de85669f446e0b8f03df11d30072ace64283704f756d2a8bcb513f8884120f82
439	shoplifting		19881406	52.204689	0.119789	560735	On or near Guildhall Street		Force	2013-01		Investigation complete; no suspect identified	2013-03	3269d914f1c526e45147925c96d3c40e93ae7131f4c42d16785f5abb697738fc
440	shoplifting		19881193	52.204689	0.119789	560735	On or near Guildhall Street		Force	2013-01		Investigation complete; no suspect identified	2013-02	b722f043e519975bb11ed82d1e7637dada461a87b764820ebcb2c9d498031633
441	shoplifting		19880442	52.203776	0.122570	560748	On or near Shopping Area		Force	2013-01		Investigation complete; no suspect identified	2013-02	0a48afe7ecaf21e97cab46e64ac05bb072c2f3abc6f4e73a965c295b84c44bce
442	shoplifting		19880047	52.207074	0.119698	560755	On or near Supermarket		Force	2013-01		Investigation complete; no suspect identified	2013-01	7cec71b6b9955dfc18dbe5c2d5f5616046ce8418ec4012ef5d3b841a7940acde
443	shoplifting		19878243	52.205885	0.121266	560747	On or near Shopping Area		Force	2013-01		Investigation complete; no suspect identified	2013-01	936046212f54c048c9562cd6839b2b4b79af92cc059bdc80f1911cd785c76efc
444	shoplifting		19881405	52.205333	0.144861	560823	On or near Shopping Area		Force	2013-01		Court result unavailable	2013-07	a23e0361c8967095820190dc8f7edb35d0df8b2ecc2288e2835b2f30b2a6d733
445	shoplifting		19877667	52.208269	0.118701	560603	On or near Bridge Street		Force	2013-01		Investigation complete; no suspect identified	2013-01	c417c80bafcc0efc5808bde6954409cfdad0c3072133607515dda5cfa5ac437a
446	shoplifting		19876994	52.204688	0.121326	560744	On or near Nightclub		Force	2013-01		Investigation complete; no suspect identified	2013-01	e9040ae221f2458df4c7fb9c1eedc9b41ddf081dd5680ef544ebed065cecc5af
447	shoplifting		19881407	52.206168	0.132022	560693	On or near Shopping Area		Force	2013-01		Local resolution	2013-01	af347e817339bfaa27210e7b31a68c3f28f64aebd6b77908ecb027e2fd352806
448	shoplifting		19876004	52.205151	0.119079	560730	On or near Lion Yard		Force	2013-01		Investigation complete; no suspect identified	2013-01	d2768f3dfc3ab085d9c08fe9f26697561df61e7085335f2aa690532eab0881c7
449	shoplifting		19876394	52.204688	0.121326	560744	On or near Nightclub		Force	2013-01		Investigation complete; no suspect identified	2013-01	23de9ef1309800fde4c1b97c42ac2a130fe41639cd579e99ac70c817f683038b
450	shoplifting		19880240	52.206273	0.120216	560746	On or near Nightclub		Force	2013-01		Offender given penalty notice	2013-01	08e6adfcdf2f8ad8eca18d4a7489d552fdaaf2665eaf92a3d0e1b6708cf5cc8f
451	vehicle-crime		19881205	52.206146	0.145632	560826	On or near Supermarket		Force	2013-01		Investigation complete; no suspect identified	2013-02	35f8b43e515eb9f205aba6c63a96b3f4a6b26dea1434d893fa8fe96520c6dbf8
452	vehicle-crime		19880622	52.212446	0.137900	560624	On or near Mariner's Way		Force	2013-01		Investigation complete; no suspect identified	2013-01	ff81fda140ca24889c8530805b080b4b1beecfb3fcde26524ce2f27d90ab8008
453	vehicle-crime		19879311	52.211397	0.131775	560662	On or near Beaulands Close		Force	2013-01		Investigation complete; no suspect identified	2013-01	af350c7132d48de267365c53be1845d6472c694cecf9deaf64ba6f1a42c094fa
454	vehicle-crime		19880259	52.211636	0.145370	560770	On or near Cheddars Lane		Force	2013-01		Under investigation	2013-01	25aa93510433d565011d92fc2e5f91cd6783e6b9cd409764f6b95fb3966095cc
455	vehicle-crime		19878431	52.208046	0.139562	560635	On or near Abbey Street		Force	2013-01		Investigation complete; no suspect identified	2013-01	eb627f10ecb0905ece887ec5c5451a8fceb2f30f74bbd7a28d9f3518ab08eced
456	vehicle-crime		19880463	52.209904	0.137763	560636	On or near Abbey Road		Force	2013-01		Investigation complete; no suspect identified	2013-01	6a8af8d644d3452c5479c5e387db56896088d17e7bf11b3f7bba5aff19e8ac63
457	vehicle-crime		19876403	52.196839	0.141731	559973	On or near David Street		Force	2013-01		Investigation complete; no suspect identified	2013-01	8e1048e6ca6b112fbc42f407c54dc62ae221abe2c4fbd72e2fccf9d7e083cc68
458	vehicle-crime		19876210	52.198269	0.151062	559920	On or near St Philips Road		Force	2013-01		Investigation complete; no suspect identified	2013-01	c9f0fef1bec5cd369b9612c975599eaddfec17058f56f92427ac1aa7da4606e1
459	vehicle-crime		19876216	52.197754	0.145784	559913	On or near Supermarket		Force	2013-01		Investigation complete; no suspect identified	2013-01	c82c9e314a780047c2b737edb7868f7afda29de3015d31d50fd0328d4604bafa
460	vehicle-crime		19878832	52.198433	0.135105	560054	On or near Wilkin Street		Force	2013-01		Investigation complete; no suspect identified	2013-01	1ac826ffd6d9b0cee00a01d2da5f7548473f6eadfb7f6874bfd06a998b2ab088
461	vehicle-crime		19880265	52.198269	0.151062	559920	On or near St Philips Road		Force	2013-01		Investigation complete; no suspect identified	2013-01	6f96f79058144545374b136eec0ac2b2b39541a2c71b3546d649fed0b4eed0df
462	vehicle-crime		19881215	52.203952	0.118261	560741	On or near Bene't Street		Force	2013-01		Investigation complete; no suspect identified	2013-01	9087a560bbccb14357341372c4c202a830c7ceadb3292c3cd6bc7a1e2201d940
463	violent-crime		19879326	52.206404	0.120910	560743	On or near Nightclub		Force	2013-01		Court result unavailable	2013-07	1622647cb852a4dcd7b6348450c3fed9214f64a4ad712e5a4fcefefa79808f60
464	violent-crime		19876441	52.206273	0.120216	560746	On or near Nightclub		Force	2013-01		Investigation complete; no suspect identified	2013-01	e08718c30e279a446dbe704636a60c1ba76436f40d0bdf445bfa0c58046a1407
465	violent-crime		19880641	52.202956	0.123160	560754	On or near Further/higher Educational Building		Force	2013-01		Offender given suspended prison sentence	2013-07	437707f8196ede9680fe60c63169803cf2d27e28008ba2a85afeca1252a49e31
466	violent-crime		19877841	52.196390	0.149099	559934	On or near Malta Road		Force	2013-01		Investigation complete; no suspect identified	2013-08	118fd3b902c296bc662a68f0aa5339f36a4113777d07e2301aa375ee9e90789b
467	violent-crime		19881437	52.200225	0.129528	560028	On or near Gresham Place		Force	2013-01		Court result unavailable	2013-08	f7b1eb5a6355245ce85424df2ac28fa42a211e81cccccfa3b765251927714c9a
468	violent-crime		19880631	52.199078	0.130805	560027	On or near Gresham Road		Force	2013-01		Local resolution	2013-03	2a3c075d3c2b49dc91988a40929b00aeee2ec97c90d1d0a248462fd5f219db34
469	violent-crime		19877688	52.207660	0.132079	560651	On or near James Street		Force	2013-01		Court result unavailable	2013-07	5e7074260a7d7796264b11bb760c55fea30d8c273a03bcfe4a167f4ab5a93778
470	violent-crime		19879110	52.204127	0.136022	560711	On or near Flower Street		Force	2013-01		Investigation complete; no suspect identified	2013-08	15e8ea05af1b33fc49d39b6249592506f2f2392d0fd60ecc8ab3fa50bec173ff
471	violent-crime		19879743	52.211386	0.111896	560541	On or near Haymarket Road		Force	2013-01		Investigation complete; no suspect identified	2013-01	9ed4e2388d0b09e485917c63c5cad4794b49b8a4b85856fc1550fcc963774d10
472	violent-crime		19880824	52.206404	0.120910	560743	On or near Nightclub		Force	2013-01		Offender given a caution	2013-02	bab945fcbbfb5de021ea900d543bc7a09859fbfe2aea982fa960b7a3363e502e
473	violent-crime		19877168	52.205632	0.118839	560729	On or near Petty Cury		Force	2013-01		Investigation complete; no suspect identified	2013-01	60cbb404111f74a59f4b64ed30de0b99d9e47e7bf1909f09a7a7c9bd6572324f
474	violent-crime		19880466	52.203961	0.134243	560721	On or near Theatre/concert Hall		Force	2013-01		Investigation complete; no suspect identified	2013-03	4d0a1f0c461b956e60d86d3741a347f965d7ccf72cc508ebbcfdbce20debcaab
475	violent-crime		19876243	52.201418	0.125165	560042	On or near Further/higher Educational Building		Force	2013-01		Court result unavailable	2013-07	3ef974e3fd969f1b213ccbaeae7c50116f96b2dd0dc31f06dcf61dc92c8ddb5e
476	violent-crime		19881217	52.199829	0.138962	560049	On or near Parking Area		Force	2013-01		Offender given community sentence	2013-02	38730f402b04c4ee505e81138bda707dbacdda76cefdb16ec4c33aa2dbf1362f
477	violent-crime		19876602	52.200784	0.125954	560020	On or near Regent Street		Force	2013-01		Investigation complete; no suspect identified	2013-01	7bca0c99e5db94eec77e59d866cd30b90074e06bd6ea7f061bbe92f646f1370d
478	violent-crime		19881428	52.207218	0.125647	560648	On or near Pike's Walk		Force	2013-01		Investigation complete; no suspect identified	2013-11	c54f26f80bd09d19288361a7a29c1d89e5775c9d61d76c7d9fbf2694b8059df3
479	violent-crime		19880284	52.211467	0.133886	560625	On or near Manhattan Drive		Force	2013-01		Investigation complete; no suspect identified	2013-03	a6d81e7980f0f7995d9067c36f9d7ed85f23dd73a91bbc4cf296b9b994eb32be
480	violent-crime		19880645	52.207821	0.123641	560597	On or near Manor Street		Force	2013-01		Court result unavailable	2013-09	ac14e0537f5c1b4fd211da9e9020e11ea229015616e5e044119dae700aef9613
481	violent-crime		19878845	52.201418	0.125165	560042	On or near Further/higher Educational Building		Force	2013-01		Court result unavailable	2013-07	bc8be7c450ba72d514dcc93dfbfbd3a3eca504656fd24c4ac79667ccad72fdc0
482	violent-crime		19880638	52.203776	0.122570	560748	On or near Shopping Area		Force	2013-01		Court result unavailable	2013-08	479fa22fd629cb560f2e379067a84e2ea11045c9d3d9e51bb8cabc34d3192974
483	violent-crime		19880639	52.203776	0.122570	560748	On or near Shopping Area		Force	2013-01		Court result unavailable	2013-08	001fe0905873ddcd41a0cf20f3bf805d10825939b57a54e0f713ce482e19d2e6
484	violent-crime		19878265	52.206273	0.120216	560746	On or near Nightclub		Force	2013-01		Investigation complete; no suspect identified	2013-04	e3e696d8ec0a8edb1aef4bda36367a7eebef735c948a55a2d54073bae133bf0e
485	violent-crime		19878595	52.205315	0.123961	560742	On or near Bus/coach Station		Force	2013-01		Investigation complete; no suspect identified	2013-02	eb6d2e1eb558eaa67622db38f70cc5d1561dfcaed35402f52b4760551e801296
486	violent-crime		19879756	52.203285	0.129337	560673	On or near Parkside		Force	2013-01		Court result unavailable	2013-07	5b08885752f9db155e02888ddd7b1ac7fb4168440ce359a39933a577f34281d9
487	violent-crime		19876428	52.204689	0.119789	560735	On or near Guildhall Street		Force	2013-01		Court result unavailable	2013-11	a6e8a49c1ed3c24c96bd50bd9a6cad0f58422d3df0dae9a088e92ef37f4138bc
488	violent-crime		19876232	52.204689	0.119789	560735	On or near Guildhall Street		Force	2013-01		Court result unavailable	2013-08	69425689e954e37275a3e3887cd9498a46ca7729cc300091a2996bf60b38664a
489	violent-crime		19880843	52.206404	0.120910	560743	On or near Nightclub		Force	2013-01		Investigation complete; no suspect identified	2014-03	7d1b0a4c1eb547c708ea40c2debe0c29b7f0995f171af561c5e809ee82782595
490	violent-crime		19878078	52.201754	0.134474	560709	On or near Guest Road		Force	2013-01		Court result unavailable	2013-07	d43adb92b9e45623245c5de1c8322899e078c629c25b96e030cd2183be3cab36
491	violent-crime		19877157	52.210803	0.142724	560757	On or near Stevenson Court		Force	2013-01		Court result unavailable	2013-07	24e4009b09dac12296bf6350c084258d6d79d58b69570ee1053c8def5179a4e8
492	violent-crime		19880084	52.204688	0.121326	560744	On or near Nightclub		Force	2013-01		Investigation complete; no suspect identified	2013-08	d623fa39a27eca1bdae343fb8ce10ee0d40d9ca4d26518819b25b857e733bba0
493	violent-crime		19878599	52.205333	0.144861	560823	On or near Shopping Area		Force	2013-01		Court result unavailable	2013-08	bb7d1f04fe773937cc327242c7e19af601eaf756660e1f0b3694e6b608697aa3
494	violent-crime		19878597	52.205333	0.144861	560823	On or near Shopping Area		Force	2013-01		Court result unavailable	2013-08	38e8b48fc1e04534c3e475d9061450f1d38c75ec0616f75f09d04de42a897341
495	violent-crime		19881427	52.202956	0.123160	560754	On or near Further/higher Educational Building		Force	2013-01		Court case unable to proceed	2013-03	18f31b6c7f881663b111149ffccc1413a5e21448f8c728cb809d4271b684672d
496	violent-crime		19876431	52.199829	0.138962	560049	On or near Parking Area		Force	2013-01		Offender given a caution	2013-04	e6ba95f6a0e375b831ccb3d0338e861d4f068340bbc1e0d6e4ca1027643d3f0a
497	violent-crime		19880640	52.202956	0.123160	560754	On or near Further/higher Educational Building		Force	2013-01		Offender given suspended prison sentence	2013-05	a13300956bf06e301ef0016c26fecbaf1912ab07e3e2ef48e8c6a44b82152cd8
498	violent-crime		19881221	52.200564	0.149007	559924	On or near Ross Street		Force	2013-01		Court result unavailable	2013-08	0d31b8d79f6ffa55ac297d89682226791f65882a833e5c28703f940972ba019f
499	violent-crime		19880474	52.199635	0.143738	559978	On or near Cavendish Road		Force	2013-01		Court result unavailable	2013-08	a56bc2b41f26e00681a326fc09ba77507e0aa543caa2a05b5d1ec588da60921f
500	violent-crime		19879329	52.202956	0.123160	560754	On or near Further/higher Educational Building		Force	2013-01		Court result unavailable	2013-07	955a8b5602ff5c01661602bdb1e8a28797b7d420605e9bd01ce2cc4f3e0dd361
501	other-crime		19878540	52.211054	0.110856	560534	On or near Lady Margaret Road		Force	2013-01		Investigation complete; no suspect identified	2013-01	2d743fa471a227e1da0fc31d5613c823d55303d55fd51a2dd1127e21b168fc8e
502	other-crime		19877267	52.204911	0.132942	560668	On or near Parking Area		Force	2013-01		Investigation complete; no suspect identified	2013-01	02f5614cea7d5747c0fa464ccb411ee66b294dc471dfb32939eb452c83ba3456
503	other-crime		19878200	52.207369	0.124249	560600	On or near King Street		Force	2013-01		Investigation complete; no suspect identified	2013-08	caa51cedb4c59748d2fbbfca7579cac51078c156cb16e8e009ca76576495cf62
504	other-crime		19880021	52.207369	0.124249	560600	On or near King Street		Force	2013-01		Court result unavailable	2013-07	899f972bd7c676ac4dc069d6e3d0ffa4e5ec7459289b12c866c7bed96300eb79
505	other-crime		19877445	52.208645	0.135287	560629	On or near Evening Court		Force	2013-01		Offender given a caution	2013-03	3cd24e1cc0f19567b32de6b2a9c34104c7639eb63785b8e725186797cf36cf37
506	other-crime		19875621	52.204688	0.121326	560744	On or near Nightclub		Force	2013-01		Investigation complete; no suspect identified	2013-01	05342b6e3f44d72221318a822e5fb9431f06ae3c1f73195f87b30bd2823d4111
507	other-crime		19879860	52.206146	0.145632	560826	On or near Supermarket		Force	2013-01		Court result unavailable	2013-07	42f82d81c605a70594ba5719a19c95b9d24344fecd8a336946931dc5a24d380d
508	other-crime		19878768	52.205632	0.118839	560729	On or near Petty Cury		Force	2013-01		Investigation complete; no suspect identified	2013-04	6be9609a34a32d0b85ed16cc644c3ed3e3e0f075bed3efe3c9697ecb55215254
